title,author,score,num_reviewers,main genre,middle genre,subclass,introduction,review
"원펀맨 22 빛,One Punch Man",ONE (원작),0.0점, 4,만화,SF/판타지,,"히어로 VS 괴인협회, 본격적인 싸움이 시작된다!!동제는 전생 피닉스 사나이를 상대로 비장의 카드인	로봇, 브레이브 자이언트로 응전한다.	그러나 동제의 정신에 침입해 배반을 유도하는 적.	‘네 힘이 필요하다’는 말에 동제의 마음이 흔들리는데….	그 때, 두 사람 앞에 그 인물이 나타난다?!",
지박소년 하나코 군 13,아이다이로,0.0점, 0,만화,SF/판타지,,"여름 합숙에 참가 중인 네네와 친구들.느닷없이 나타난 7대 불가사의 6번에게네네의 단짝 친구 아오이가 납치돼 버린다.네네는 아오이를 구하기 위해 하나코,아카네와 함께 6번의 경계로 들어가지만,그곳에서 기다리고 있는 것은….학원 7대 불가사의 괴이담,이승과 저승의 섭리로 이어지는 제13권!",일본 현지 시리즈 누계 발행부수 190만부 돌파!2020년 1월 일본 현지 애니메이션 방영작!
하루만 네가 되고 싶어. 1(특별판) 삼 만화,삼,0.0점, 2,만화,웹툰/카툰에세이,,"“완벽한 인생이었다. 그애가 나타나기 전까지는.”로맨스판타지의 새로운 군림자‘2019년 네이버웹툰 최강자전’ 최고의 화제작이자 ‘메데이아 님’ 열풍을 일으킨 웹툰 『하루만 네가 되고 싶어. 1』(특별판). 삼 작가의 데뷔작으로 황권과 신성이 함께 다스리는 에페란토 제국을 무대로 한 판타지 서스펜스물로, 황태자비 자리를 두고 경합하던 두 여자 메데이아와 프시케의 영혼이 뒤바뀌며 발생하는 사건을 그린다.황권과 신성이 함께 다스리는 제국 에페란토. 최고 권세가인 벨리아르 공작가의 공녀 메데이아는 뛰어난 기량에 남다른 카리스마까지 갖춘 절대적인 황태자비 후보였다. 프시케 폴리가 나타나기 전까지는. 두려움과 선망을 한몸에 받으며 사교계의 정점에 군림하던 메데이아의 인생은 프시케의 등장과 함께 완전히 뒤바뀐다. 내정받았던 황태자비 자리가 경합으로 바뀌고, 경합에서 월등한 기량을 선보였음에도 프시케에게 황태자비 자리를 빼앗기고 만 것. 황족이 되는 것을 일생의 목표로 살아왔던 메데이아는 프시케에 대한 증오로 가득차 복수를 다짐한다. 이윽고 메데이아의 복수가 시작되고, 두 여자는 신이 기도를 이루어준다는 기도의 날 신전에서 맞닥뜨린다. 다툼을 벌이던 두 여자는 실수로 함께 물에 빠지고, 물속에서 메데이아는 “프시케의 모든 것을 빼앗게 해달라”고 기도한다. 다음날 눈을 뜬 두 사람은 서로 영혼이 바뀌었음을 깨닫는데…","“정말로 에페란토를 수호하는 신이라면 이런 덜떨어진 여자 말고 내게 기회를 줘.프시케의 모든 걸 빼앗게 해달라고!”  ‘2019년 네이버웹툰 최강자전’ 최고의 화제작이자 ‘메데이아 님’ 열풍을 일으킨 웹툰 『하루만 네가 되고 싶어』의 단행본이 출간되었다. 삼 작가의 데뷔작인 『하루만 네가 되고 싶어』는 황권과 신성이 함께 다스리는 에페란토 제국을 무대로 한 판타지 서스펜스물로, 황태자비 자리를 두고 경합하던 두 여자 메데이아와 프시케의 영혼이 뒤바뀌며 발생하는 사건을 그린다.황권과 신성이 함께 다스리는 제국 에페란토. 최고 권세가인 벨리아르 공작가의 공녀 메데이아는 뛰어난 기량에 남다른 카리스마까지 갖춘 절대적인 황태자비 후보였다. 프시케 폴리가 나타나기 전까지는. 두려움과 선망을 한몸에 받으며 사교계의 정점에 군림하던 메데이아의 인생은 프시케의 등장과 함께 완전히 뒤바뀐다. 내정받았던 황태자비 자리가 경합으로 바뀌고, 경합에서 월등한 기량을 선보였음에도 프시케에게 황태자비 자리를 빼앗기고 만 것. 황족이 되는 것을 일생의 목표로 살아왔던 메데이아는 프시케에 대한 증오로 가득차 복수를 다짐한다.이윽고 메데이아의 복수가 시작되고, 두 여자는 신이 기도를 이루어준다는 기도의 날 신전에서 맞닥뜨린다. 다툼을 벌이던 두 여자는 실수로 함께 물에 빠지고, 물속에서 메데이아는 “프시케의 모든 것을 빼앗게 해달라”고 기도한다. 다음날 눈을 뜬 두 사람은 서로 영혼이 바뀌었음을 깨닫는데…2019 네이버웹툰 최강자전 최고의 화제작! 『하루만 네가 되고 싶어』는 2019년 네이버웹툰 최강자전에 출품되며 처음 공개되었다. 클리셰를 부수는 설정과 아름다운 그림체, 반전을 거듭하는 스피디한 전개로 화제를 모으며 16강전에 진출했으나 안타까운 사정으로 기권하며 정식 연재가 무산되었다. 그후 도전만화 단계부터 다시 밟기 시작했는데, 독자들의 열렬한 지지를 등에 업고 단기간에 정식 연재작으로 발탁되며 또 한번 화제에 올랐다. 2020년 1월 연재가 시작된 이래 줄곧 인기 상위권에 군림하며 2020년 최고의 주목작으로 급부상했다. 정식 연재 전부터 팬카페가 생성될 만큼 충성심 높은 팬층을 자랑한다. 새 연재가 올라오는 화요일에는 트위터 실시간 검색어에 팬아트와 ‘메데이아’의 이름이 오르내리는 등 열풍 그 자체이다.강인한 정점의 군림자 메데이아 X순진무구하지만 비밀스러운 프시케‘하네되’ 열풍의 주역은 기존 로맨스판타지의 공식을 벗어난 여성 캐릭터들이다. 흔히 로맨스판타지의 여주인공들이 아름다운 용모와 고귀한 신분으로 태어나 주변의 사랑을 받는 것과 달리, 메데이아는 1화부터 복수의 화신으로 등장하며 강렬한 인상을 남겼다. 목적을 달성하고자 직접 상대를 칼로 찌르거나 독을 먹이는 등 얼핏 악녀에 가깝게 그려지지만, 내숭 없이 원하는 것을 적극적으로 쟁취하는 메데이아의 캐릭터가 오히려 독자들을 강하게 사로잡았다. 또 한 명의 주인공 프시케는 메데이아와 완전히 반대되는 인물이다. 사랑스러운 외모와 순진무구한 성품으로 늘 주변의 관심과 보호에 둘러싸여 있다. 프시케 스스로도 사랑을 중시하는 캐릭터로 메데이아와는 여러 모로 상반된다. 두 사람의 관계는 황태자비 경합으로 적대적으로 치닫지만, 영혼이 뒤바뀌는 사고로 인해 생각지도 못한 방향으로 흘러간다.극과 극인 두 여자의 얽혀버린 운명이에페란토 제국을 뛰어넘어 로맨스판타지의 왕도를 뒤흔든다! 『하루만 네가 되고 싶어』는 가상의 중세 국가와 궁전 등 기본 설정은 로맨스판타지에 가깝지만 ‘로맨스’보다는 여성 캐릭터들의 ‘성장’과 ‘연대’에 초점을 맞추고 있다. 1권 역시 적이 된 메데이아와 프시케가 서로 영혼이 바뀌면서 조금씩 서로를 이해하기 시작하는 전개로 흘러간다. 사랑을 둘러싼 여성 간의 대립 구도가 아닌, 서로 시너지 효과를 내는 ‘메데이아X프시케’ 조합은 독자들이 ‘하네되’에 가장 열광하는 이유 중 하나다.단행본 단독! 캐릭터 4인방 설정 시트 수록한정 수량 저자 친필 사인본 + 양면 일러스트 책갈피 뜨거운 인기에 걸맞게 연재 초부터 단행본 출간을 요청하는 독자들의 목소리가 끊이지 않았다. 독자들의 성원에 보답하고자 삼 작가는 이번 단행본 출간에 남다른 노력을 기울였다. 단행본에 맞춘 본문 수정과 권말 부록 작업, 표지부터 특별판 일러스트까지 각별한 정성을 쏟았다.1권에는 연재 12화에 해당하는 분량이 수록되었다. 권말에는 캐릭터 4인방의 설정을 정리한 ‘캐릭터 설정 시트’가 실려 연재와는 또다른 즐거움을 선사한다. 문학동네에서는 단행본 출간을 기념해 한정 수량으로 양면 일러스트 책갈피(1매)를 증정한다. 초판에 한해 저자 친필사인 인쇄를 만나볼 수 있다.‘하네되’를 보다 가까이 만나는 방법!다섯 가지 스페셜 구성품이 담긴 ‘특별판’ 동시 출간『하루만 네가 되고 싶어』를 좀더 만끽할 수 있는 특별판도 동시 출간된다. 특별판 전용 케이스 안에 친필사인 인쇄본 1권(책갈피 포함)과 다섯 가지 구성품이 담겼다. [별책부록]에서는 무려 20쪽에 달하는 미공개 원고를 선보인다. 주인공 4인방이 최고의 화제 드라마 [하루만 네가 되고 싶어]의 주연 배우라는 설정의 어나더 스토리로, 원작과는 색다른 묘미를 선사한다. 여기에 고샤&솔렘, 손지은, 코튼, 홍달 네 명의 동료 작가가 보낸 출간 축전이 힘을 더했다. [일러스트보드]와 [아크릴스탠드]는 오로지 특별판을 위해 작업된 일러스트로 제작되었다. [일러스트보드]는 우아하고 기품 넘치는 메데이아의 모습을, [아크릴스탠드]는 황제의 위엄을 뽐내는 메데이아의 모습을 담아 독자들의 팬심을 충족시킨다. 벨리아르가의 문장이 수놓인 [어나더커버]는 작품 속 메데이아의 서재에 꽂혀 있을 법한 책을 가상하여 제작하였다. 마지막으로 ‘하네되’의 대표 일러스트를 엄선해 만든 [일러스트엽서 세트(5종)]가 포함되었다. 특별판은 한정 수량으로 소진 시 판매가 종료된다."
원피스 97 나의 바이블,Eiichiro Oda,0.0점, 2,만화,SF/판타지,,"습격을 목전에 두고 발각된 칸주로의 배신….그리고 모모노스케의 납치….동요하는 킨에몬 일행. 그러나 루피 · 로 · 키드의 공동 투쟁으로 희망의 빛이 내리쬔다!! 이제 일행은 오니가시마로!! '원피스'를 둘러싼 해양 모험 로망!!",
드래곤볼 슈퍼 13 각자의 싸움,토리야마 아키라,10.0점, 1,만화,SF/판타지,,"드래곤볼의 정통 후속작!!드래곤볼 슈퍼 13권★ 드디어 성사된 모로와의 재대결!! 메르스와의 수련, 그 성과는?!지구로 쳐들어온 모로 군단과 지구 전사들의 싸움, 격화! 그리고 드디어 모로가 지상에 내려선다. 오반 일행은 모로에 의해 강화된 사감보와의 전투로 고전하는데…. 지구의 위기에 오공과 베지터가 늦지 않게 올 수 있을까?!",
다정다감 11,박은아,0.0점, 0,만화,순정만화,,"난 매사에소심하고 용기도 없지만,가끔은 대범해져야 할 때가 있다고 생각해.새륜이 자신을 피하는 이유에 대해 계속해서 추궁하자이지는 얼떨결에 새륜에게 고백 아닌 고백을 해버린다.이지의 고백으로 두 사람의 사이가 다시 가까워지기 시작했을 쯤,학교에서는 체육 대회가 열리고두 사람은 새로운 위기를 맞이하는데!‘네가 그렇게 앞서가니까 어떡해야 좋을지 모르겠단 말이야.’[다정다감] 제11권!",
다정다감 12,박은아,0.0점, 0,만화,순정만화,,"그렇게 운 건,첫사랑이 완전히 끝나버렸기때문이었을 거다.체육 대회 이후로 관계가 진전된 이지와 새륜!새륜과의 관계는 좋아졌지만 이지는 자꾸만 한결이가 신경 쓰인다.한결과 새륜 사이에서 묘하게 불편한 감정을 느끼던 중이지는 학교 축제 뒤풀이에서 한결이의 몰랐던 속마음을 알게 된다.축제가 끝난 뒤, 학교에서는 진로 상담을 시작하고이지는 막막한 기분에 휩싸이는데…“그럼 나 따라서 이과로 가.”첫사랑의 끝, 그리고 조금 더 성숙해지기 위한 아픔들… [다정다감] 제12권!",
5등분의 신부 14 (소책자 포함 한정판) 완결,하루바 네기,0.0점, 0,만화,순정만화,,"가난한 생활을 하는 고등학교 2학년 우에스기 후타로 앞에 좋은 조건의 가정교사 아르바이트 제안이 날아든다. 그런데 제자는 놀랍게도 동급생!! 심지어 다섯 쌍둥이였다!! 전원 미소녀, 그러나 ‘낙제 직전’,‘공부 질색’인 문제아들! 후타로는 너무도 개성적인 그들을 과연 ‘졸업’까지 인도할 수 있을 것인가―?!",
극락왕생. 1,고사리박사,0.0점, 2,만화,웹툰/카툰에세이,,"“먼 여행이 끝나 나는 다시 돌아왔습니다.언젠가 홀로 멀리 떠나간 적 있는, 깊고 슬픈 나의 바다여.”〈2019 대한민국 콘텐츠 대상〉 문화체육관광부 장관상 수상!『극락왕생』. 죽었다 살아난 박자언이 1년 간 귀신을 도우며 자신에게 가장 중요했던 한 해를 반추하는 이야기다. 스물여섯에 죽어 고등학교 3학년으로 다시 태어난 자언. 인생은 가까이서 보면 비극이고 멀리서 보면 희극이라고 한다. 그렇지만 되돌아온 7년은, 더군다나 ‘고3’은 희극 또는 비극이라 하기엔 아직 너무 가까운 과거다. 다시 한 번 살게 된 인생은 어떤 극의 모습을 하고 있을까. 윤회를 거쳐 더없이 편안하며 번뇌와 고민이 없는 안락함에 이르는 것, ‘극락왕생極樂往生’. 당산역 귀신 박자언은 관음의 자비 아래 인생에서 가장 중요한 한 해를 다시 살게 된다. 그러나 자신이 왜 죽었는지, 다시 태어난 2011년 고등학교 3학년이 왜 가장 중요한 한 해인지조차 기억이 나지 않는다. 모든 것이 혼란스러운 가운데 도명과 자언에게 주어진 시간은 단 한 해뿐. 두 사람은 함께 삶과 죽음, 인간과 귀신 사이를 넘나들며 일상 속 기묘한 사건을 해결해간다. 윤회의 끝, 극락왕생을 위해.","[2019 대한민국 콘텐츠 대상] 문화체육관광부 장관상 수상 한국만화의 새로운 정통이 될 新 환생 유니버스의 시작!『극락왕생』은 2018년 독립 연재 플랫폼 [딜리헙]에서 연재를 시작했다. 대형 플랫폼 대신 신생 플랫폼에서 독립적인 연재를 택한 작가 고사리박사는 [딜리헙]과의 인터뷰에서 “대기업의 자본 없이, 독립만화가 어디까지 해낼 수 있는지 궁금했다”고 말하며, “『극락왕생』의  진정한 가치를 발견해줄 사람들을 독자로 선택하고 싶었다. 만화라는 건 결국 인간(작가)과 인간(독자)이 소통하기 위한 수단 중 하나다. 어떻게 해야 가장 원활한 소통이 가능할지, 여러 방법을 고민해보고 최적의 전략을 세울 필요가 있었다”고 선택의 이유를 밝혔다. 연재 약 10개월 만에 2억의 매출 달성. 독점적 웹툰 플랫폼과 에이전시에 의존하는 현 시장구조를 탈피하여 독립연재(오픈 플랫폼 연재) 시장의 가능성 입증한 작품. _[2019 대한민국 콘텐츠 대상] 수상작 총평그리고 ‘독립만화가 어디까지 해낼 수 있는지’를 입증하기까지는 1년이 걸리지 않았다. 연재를 시작한 지 10개월, 오직 ‘만화 연재’만으로 2억 원의 매출을 달성하고, [2019 대한민국 콘텐츠 대상] 만화부문 문화체육관광부 장관상을 수상해 하나의 성공적인 선례가 되었다.   『극락왕생』이 갖고 있는 것은 이러한 의의만이 아니다. 새로우면서도 성공적인 선례가 될 수 있었던 것은 결국 『극락왕생』이 갖고 있는 탄탄한 세계관과 만화로서의 재미다. 2011년, 처음으로 ‘수능특강’ 연계가 도입되고 ‘연아의 햅틱’ 휴대폰을 사용하던 시절. 익숙함과 향수를 동시에 불러일으키는 가까운 과거에 퇴마와 환생, 불교라는 전통적인 소재를 이용해 흥미로운 세계관을 구축했다. 불교미술을 공부하고 한국 전통 귀신들을 조사해 만든 입체적인 캐릭터들은 이러한 세계를 무대로 활극을 펼친다. 도명과 자언은 어떻게 귀신을 쫓을 것인지가 아닌, 언젠가 인간이었던 존재들이 왜 귀신이 될 수밖에 없었는지 응시하며 그들을 돕는다. 그리고 그렇게 돕고 도움을 받는 과정 속에서 배워간다. 무언가를 망각하고 다시 기억하는 방법에 대해(2화), 미워했던 누군가를 사랑하는 방법에 대해(3화), 무언가를 소중히 여길 수 있는 방법(4화)에 대해?. 누구나 처음인 인생에서 서툴 수밖에 없는 삶의 태도를, 그들은 두 번째 인생을 통해 배워간다. 살고 있는, 살고 싶은, 살아야 하는 여성들의 이야기상실이라는 굴레 속에서 다시 한번 피어오르는 소생의 힘에 대하여『극락왕생』은 죽었다 살아난 박자언이 1년 간 귀신을 도우며 자신에게 가장 중요했던 한 해를 반추하는 이야기다. 스물여섯에 죽어 고등학교 3학년으로 다시 태어난 자언. 인생은 가까이서 보면 비극이고 멀리서 보면 희극이라고 한다. 그렇지만 되돌아온 7년은, 더군다나 ‘고3’은 희극 또는 비극이라 하기엔 아직 너무 가까운 과거다. 다시 한 번 살게 된 인생은 어떤 극의 모습을 하고 있을까. 자언에게 가장 중요하다는 한 해, 10대의 끝자락은 그다지 순수하지도 아름답지도 않다. 좁은 교실에 갇혀 예민하고 불안한 시선으로 서로를 관찰한다. 속을 알 수 없었던 친구들과 잔소리 일색의 엄마는 두 번째 삶에서도 지긋지긋한 굴레처럼 반복된다. 그러나 다시 태어난 자언은 그 여전한 굴레 속에서 차츰 깨달아간다. 너무도 쉽게 미워했던 친구들을 또 얼마나 쉬이 용서하고 사랑했는지. 어렵다고 생각한 엄마와 내가 얼마나 닮은 존재인지. 좋아한다고 말로서 전할 수 있는 순간이 얼마나 소중한지. 지나고서야 알게 되는 것은, 삶은 어디서 보아도 눈부신 비극이자 씁쓸한 희극이라는 사실이다. 근과거에 전통적인 소재를 녹여내 만든 독특한 세계관과 담대하고 개성적인 여성 주인공들의 이야기는 오늘을 살고 있고, 살고 싶고, 살아야 하는 우리들에게 위로와 용기를 준다. 여성주의적 이야기 속에 보편의 가치를 담아낸 작가의 재량 역시 만화로서의 재미를 충분히 보장한다. 또한 웹으로 연재했지만 출판원고의 형태를 기반으로 만들어진 작품인 만큼, 종이책으로 만난 『극락왕생』은 제 옷을 입은 듯하다. 한국적인 소재, 생생한 캐릭터, 삶과 맞닿아 있는 휴머니즘. 의의와 작품성을 겸비한 『극락왕생』은 독립만화를 넘어 한국만화의 새로운 지평을 열어가고 있다."
귀멸의 칼날 20 鬼滅の刃 20,고토게 코요하루,0.0점, 1,만화,SF/판타지,,"고토게 코요하루의 『귀멸의 칼날』 제20권. 상현1과 교전하는 암주(岩柱) 히메지마와 풍주(風柱) 시나즈가와. 더더욱 치열해지는 싸움 속에서 두 명의 주는 반점을 드러내고 연대해 싸우지만, 경이로운 힘에 계속 압도당한다. 그리고, 상현1의 일부를 집어삼켜 회복한 겐야는…. 격투의 향방은-?!",
총몇명 스토리 4,윤종문,10.0점, 11,만화,명랑/코믹만화,,"일상X코믹X공포X병맛XSF!평범함 상상을 깨부수는 블록버스터급 미스터리! 가족들과 함께 찾아간 워터 파크에서 좀비 떼의 테러에 휘말리게 된 모리! 위험에 빠진 모리와 가족들의 운명은?! 들레의 가슴 떨리는 짝사랑, 행복시에 다시 나타난 괴생명체 등 현실과 판타지를 넘나드는 이야기가 펼쳐집니다!누적 조회수 5억 회 돌파! 228만 명의 구독자를 사로잡은 유튜브 콘텐츠! ‘총몇명 스토리’는 샌드박스 네트워크 소속의 인기 유튜버 ‘총몇명’의 오리지널 콘텐츠로, 민모리와 가족들 그리고 나천재를 둘러싸고 벌어지는 미스터리한 사건을 빠른 호흡의 연출로 긴장감 넘치게 전개한 다장르 애니메이션입니다. 코믹, 공포, SF를 넘나드는 몰입감 있는 스토리와 독특한 그림체로 총몇명만의 새로운 장르를 선보입니다. OH MY GOD 김치! 너무 재밌는 거 아닌가요?《총몇명 스토리 4》는 원작 애니메이션을 만화책 형식에 맞추어 재구성한 책입니다. 원작의 통통 튀는 캐릭터와 몰입감 있는 스토리 위에 만화책만의 읽는 재미를 더해 총몇명의 팬들은 물론 ‘총몇명 스토리’를 책으로 처음 접하는 독자 모두를 만족시키는 책이 될 것입니다.",
나 혼자만 레벨업 3 만화,장성락(REDICE STUDIO) 지음,0.0점, 0,만화,액션/무협만화,,"카카오페이지 240만뷰,전 세계 독자가 열광한 레이드 액션의 진수! 다수 글로벌 플랫폼에서 웹툰 연재, 영미, 독일, 브라질, 우크라이나, 일본, 프랑스 등지에 단행본 수출! 독일·브라질 아마존 만화 1위 ｜ 일본판 3, 4권 발매와 동시에 오리콘 차트 진입최약체에서 최강 헌터로, 세상의 중심에 서다! 카카오페이지에서 연일 화제를 모으며, 폭발적 인기 속에 연재 중인 장성락(REDICE STUDIO) 만화, 추공 원작 『만화 나 혼자만 레벨업』소장용 단행본 3권이 출간된다. 『만화 나 혼자만 레벨업』은 국내 단행본 출간 이전 독일, 프랑스 등지에 선수출되었으며, 뒤를 이어 세계 각국에서 수출 릴레이를 이어가는 중이다. 정식 출간 이전인 세계 각국 글로벌 팬덤이 형성될 만큼 한국 문화 콘텐츠의 저력을 입증한 작품이다. 단행본만을 위한 본문 전면 재연출을 거쳤으며, 넉넉한 판형으로 ‘나혼렙’ 액션신의 쾌감을 100% 만끽할 수 있다. 한 화 읽고 나면 정신을 차릴 수 없이 빠져드는 레이드 액션의 진수! 돈 없고, 빽 없고, 능력 없는 사상 최약체 E급 헌터, 성진우의 화려한 부활, 그리고 레벨업이 시작된다! “[접속]하여 레벨업하겠는가?”*3권은 연재면 27~45화의 편집본입니다.","카카오페이지 240만뷰, 전 세계 독자가 열광한 레이드 액션의 진수! 다수 글로벌 플랫폼에서 웹툰 연재, 영미, 독일, 브라질, 우크라이나, 일본, 프랑스 등지에 단행본 수출! 독일·브라질 아마존 만화 1위 ｜ 일본판 3, 4권 발매와 동시에 오리콘 차트 진입최약체에서 최강 헌터로, 세상의 중심에 서다! 카카오페이지에서 연일 화제를 모으며, 폭발적 인기 속에 연재 중인 장성락(REDICE STUDIO) 만화, 추공 원작 『만화 나 혼자만 레벨업』소장용 단행본 3권이 출간된다. 『만화 나 혼자만 레벨업』은 국내 단행본 출간 이전 독일, 프랑스 등지에 선수출되었으며, 뒤를 이어 세계 각국에서 수출 릴레이를 이어가는 중이다. 정식 출간 이전인 세계 각국 글로벌 팬덤이 형성될 만큼 한국 문화 콘텐츠의 저력을 입증한 작품이다. 단행본만을 위한 본문 전면 재연출을 거쳤으며, 넉넉한 판형으로 ‘나혼렙’ 액션신의 쾌감을 100% 만끽할 수 있다. 한 화 읽고 나면 정신을 차릴 수 없이 빠져드는 레이드 액션의 진수! 돈 없고, 빽 없고, 능력 없는 사상 최약체 E급 헌터, 성진우의 화려한 부활, 그리고 레벨업이 시작된다!*3권은 연재면 27~45화의 편집본입니다."
날것 1 (시소 아크릴 스탠드 + 일러스트 엽서 1종 포함 한정판) 만화,로하,0.0점, 0,만화,순정만화,,"소설 속 서브남주를 앓다 깨어났더니,그의 하녀가 되었다!카카오페이지 100만 명의 선택!일개 하녀와 주인님의 예측불가 로맨스저주에 걸려 불행한 유년시절을 보낸 것도 모자라, 여주인공의 선택을 받지 못하고 비참한 최후를 맞이하는 비운의 서브남주, 리안드로 벨라비티. 아픔뿐이던 그의 일생이, 어느 날 갑자기 나타난 하녀, 이벨리나에 의해 조금씩 변해 가는 이야기를 담은 만화 『날것 : 공작가의 하녀로 빙의했습니다』단행본 1권이 출간되었다. 동명의 소설 원작을 로하 작가의 아름다운 작화로 그려 낸 이 작품은 2019년 카카오페이지에서 연재를 시작한 이후 현재까지 100만 명 이상 독자들에게 꾸준히 사랑받고 있다. 『날것』1권은 스크롤 원고 이전의 작가 오리지널 연출본으로, 로하 작가의 아기자기하고 따뜻한 그림을 만끽할 수 있다. 『날것』은 가장 존재감 없고 불행하게 묘사된 엑스트라와 서브남주, 두 사람의 이야기이다. 여주인공도, 악녀도 아닌 엑스트라 하녀에 빙의한 이벨리나와, 얼굴의 절반을 덮은 흉측한 저주로 괴물 취급을 받는 공작가의 외톨이 리안드로가 만나면서 일반적인 로맨스 소설과는 전혀 다른  이야기가 펼쳐진다. 주인공이 아니기에 한 번도 사랑받지 못했던 리안드로. 그가 이벨리나의 아낌없는 사랑에 마음을 열게 되고, 그로 인해 소설의 전개가 비틀리는 과정에서 인물들의 감정선이 섬세하고 흥미롭게 묘사된다. 특히 이벨리나의 무한한 사랑에 감동한 리안드로가 서투르게 마음을 표현하는 장면을 볼 때, 마치 빙의하기 전 소설을 읽던 이벨리나처럼 코끝이 찡해지기도 한다. 일개 하녀와 주인님, 둘 사이를 오가는 날것 그대로의 감정이 때로는 달콤하게, 때로는 아릿하게 묘사하여 독자들의 마음을 사로잡는 만화, 『날것』! 두 사람의 마음의 행방이 궁금하다면 이번 권을 놓치지 않길 바란다. *단행본 1권에는 연재분 1~18화까지의 원고를 담았습니다. [줄거리]‘나였으면 리안드로를 행복하게 만들어 줬을 텐데….’온갖 불행을 짊어 진 비운의 서브남주, 리안드로 벨라비티. 소설 속 조연인 그를 불쌍히 여기다 잠들었는데, 눈을 떠 보니 그의 저택에서 일하는 하녀, 이벨리나가 되어 있었다! 왕가의 저주로 얼굴의 절반이 고대문자로 뒤덮여 있고, 눈에 구름이 낀 듯 시야가 탁해진 채 공작가의 괴물 취급을 받으며 방치된 소설 속 어린 리안드로를 직접 보고 만질 수 있게 된 이벨리나는 결심한다. 저주가 풀리기 전까지 남아 있는 4년의 시간 동안, 그의 곁을 지키겠다고. 하지만 함께하는 시간이 길어질수록 리안드로의 저주가 흐릿해지고, 오직 여주인공에게만 향하던 미소가 이벨리나를 향하기 시작한다. 어째… 소설의 전개가 조금씩 뒤틀리는 것 같은데?",
열혈강호 81,전극진,0.0점, 1,만화,액션/무협만화,,"쇄절옥에 갇힌 한비광을 직접 상대하러 나선 신묘각주는 쇄절옥 안에서는 누구보다 강하다는 자신의 말을 증명하듯 시종일관 한비광을 밀어붙인다. 하지만 불리한 상황에서도 만년한철로 된 벽마저 부숴버리고, 자신이 익히 아는 자의 무공을 쓰는 한비광의 모습에 신묘각주는 경악을 금치 못하는데…?!",
명탐정 코난 98 名探偵コナン,Gosho Aoyama,0.0점, 0,만화,공포/추리,,코난이 추리하는 ‘영역밖의 여동생’ 메어리의 정체는-?!하이바라 아이를 파고드는 세마 마스미는 오키야 스바루와 대립!한편 코난은 〈영역외의 여동생〉 메어리의 정체에 다가서는데…?!하네다 슈키치는 기사연구회에서 살인사건과 조우! 엎치락뒤치락하는 사건의 끝에 아카이 슈이치가 등장…?! 더불어 오오카 모미지의 계략으로코난 VS 헤이지의 추리대결이 펼쳐지는 가정부암호사건도 수록!숨막히는 전개가 이어지는 〈명탐정 코난〉 98권 마침내 발간!!,
신 쿵후보이 친미 2 애장판,TAKESHI MAEKAWA,0.0점, 1,만화,액션/무협만화,,"외부에서 온 자의 입국을 거부하는 카난 자치구에 잠입한 친미와 푸신. 입국할 때 도와주었던 보우로와 키리가 그 때문에 잡혀갔다는 얘기를 듣고 두 사람은 구출하러 가지만 친미와 푸신도 이미 수배자가 되어 있었다. 호우준이 이끄는 반란군의 아지트에 숨게 된 푸신과 친미는 수색을 나온 헌병대장 소우비가 마을의 남자들을 모두 '산'으로 연행하는 것을 보게 된다. 카난을 둘러싼 음모가 점점 진행되어가고, 친미는 반란군의 '카난 방해계획'에 참가할 것을 결의. 드디어 격렬한 싸움이 시작된다!",
지박소년 하나코 군 12,아이다이로,0.0점, 0,만화,SF/판타지,,"일본 현지 시리즈 누계 발행부수 190만부 돌파!2020년 1월 일본 현지 애니메이션 방영작!7대 불가사의 중 네 번째 「미술실의 시지마 양」이만들어낸 허구의 세계에서 탈출을 시도하는 네네.하나코를 설득하기 위해 노력하지만,하나코의 입에서 새어나온 본심은생각지도 못한 것이었다….학원 7대 불가사의 괴이담, 공상화 편 완결!",
원피스 96 삶아야 마땅히 오뎅이로다,오다 에이치로,0.0점, 2,만화,SF/판타지,,오뎅은 흰수염과 탐험하던 중 운명에 이끌리듯 로저와 만난다. 두 사람의 해후는 무엇을 낳을 것인가? 한편 오뎅이 없는 와노쿠니에서 오로치가 암약을 하는데?,
신 쿵후보이 친미 3 애장판,TAKESHI MAEKAWA,0.0점, 0,만화,액션/무협만화,,"국주(國主)인 지라이, 볼 장군, 헌병대장 소우비의 압정에 고통받는 카난 사람들을 본 친미는 호우준이 이끄는 '카난 해방계획'에 참가하기로 결의한다. '산'과 궁전을 잇는 지하통로에 겨우 침입한 선발대는 '산'에서 죄인들을 해방시키고 밖의 주민을 끌어들이는 1조와 궁전에서 국주 지라이를 추격할 친미와 호우준이 있는 2조로 나뉘어 행동을 개시한다. 하지만 '산'에는 볼 장군이, 궁전에서는 친미에 대한 복수에 불타는 소우비가 기다리고 있었다!",
전생했더니 슬라임이었던 건에 대하여 14 S 코믹스,후세 원작,0.0점, 0,만화,SF/판타지,,"[줄거리][2021년, TV애니메이션 2기 방영 예정!]연합군을 향한 리무르의분노의 역습이 시작된다!시온을 비롯한 죽은 동료들의 소생에 필요한 것은수많은 인간의 영혼을 양분(산 제물)으로 삼아서자신이 마왕이 되는 것이었다.자신의 안일한 생각이 초래한 사태를 수습하기 위해서,홀로 적지를 향해 날아오른 리무루.그곳에서 그를 기다리는 것은파르무스 왕국 연합군, 그 수는 2만.지금, 파르무스 군에게 있어서 짧고도 긴 악몽이 시작된다-.",
디 그레이맨 27 빨간 팔과 피에로,Katsura Hoshino,0.0점, 0,만화,SF/판타지,,"교단에서 도망친 알렌은 방주를 발동시키고, 칸다도 끌어들이며 내려선 곳은 알렌이 '시작된 곳' 이라고 한다…. 유년기의 알렌은 서커스단에서 잡역꾼으로 일했고, 거기엔 피에로 마나의 모습도. 두 사람을 둘러싼 과거의 연결고리는…?!",
하이큐!! 43 최종보스,Haruichi Furudate,0.0점, 0,만화,스포츠만화,,"하이큐 대망의 43권 비치발리볼로 수련을 쌓기 위해 졸업 후 브라질로 건너간 히나타. 불안정한 '모래'와 '바람'을 공략하며 에이토르와 함께 서킷에서 승리해 나갈 수 있을까?! 그리고 일본에서 히나타를 기다리는 옛 동료들과 강적들은 지금─?!",
괴물 이야기 3,오구레 이토 지음,0.0점, 0,만화,SF/판타지,,베스트셀러 『괴물 이야기』 만화판. 《이야기 시리즈》의 ‘니시오 이신’과 『에어기어』의 Oh!great의 만남으로 주목을 받은 작품이다. 센조가하라 히타기. 어느 날 아라라기 코요미가 낙하하는 것을 받아 낸 소녀. 그렇다. 그녀에게는 체중이 없었다. 한 마리 ‘게’와 맞닥뜨려 체중을 송두리째 빼앗긴 것이다. 괴물은 처음부터 그곳에 있다. 언제든. 어디에서든.,
나 혼자만 레벨업 2 만화,장성락(REDICE STUDIO) 글그림,0.0점, 6,만화,액션/무협만화,,"“치열하게 싸운다. 목숨이 붙어 있는 한 치열하게!”카카오페이지 200만 독자 돌파! 전 세계 독자가 열광한 레이드 액션의 진수!최약체에서 최강 헌터로, 세상의 중심에 서다! 카카오페이지에서 연일 화제를 모으며, 폭발적 인기 속에 연재 중인 장성락 만화, 추공 원작 『만화 나 혼자만 레벨업』이 소장용 단행본 2권이 출간된다. 『만화 나 혼자만 레벨업』은 국내 단행본 출간 이전 독일, 프랑스 등지에 선수출되었으며, 일본판은 발간 직후 증쇄가 진행될 만큼 큰 반향을 일으켰다. 그밖에 정식 출간 이전인 세계 각국에서 팬덤이 형성될 만큼 한국 문화 콘텐츠의 저력을 입증한 작품이다. 단행본만을 위한 본문 전면 재연출을 거쳤으며, 넉넉한 판형으로 ‘나혼렙’ 액션신의 쾌감을 100% 만끽할 수 있다. 한 화 읽고 나면 정신을 차릴 수 없이 빠져드는 레이드 액션의 진수! 돈 없고, 빽 없고, 능력 없는 사상 최약체 E급 헌터, 성진우의 화려한 부활, 그리고 레벨업이 시작된다! “[접속]하여 레벨업하겠는가?”[줄거리]“얼마나 더 강해져야… 무력했던 과거에서 벗어날 수 있는 거야?!”서울 시내 지하 역사. 인스턴트 던전에서 시작된 혼자만의 결투. 몰려드는 마수를 상대하며, 던전 깊은 곳으로 들어갈수록 뼈져리게 느껴지는 자신의 나약함. 강해져야 한다. 강해지기 위해 이곳에 있다! 홀로 레벨업을 거듭한 성진우, 그리고 그를 기다리는 다음 무대!",
약속의 네버랜드 19,Shirai Kaiu (원작),0.0점, 0,만화,SF/판타지,,"끌려간 동료를 구하기 위해 엠마 일행은 다시 GF 하우스로. 그런 그들을 숙명의 상대 러트리 가가 맞이한다. 아이들의 미래가 걸린 최종결전이 마침내 시작된다!! 영원의 아이들이여, 절망에 맞서라! 충격의 탈옥 판타지!!",
주술회전 8,아케타미 지지,0.0점, 1,만화,SF/판타지,,"드디어 밝혀지는 과거!그리고 싸움의 개막을 알리는 8권 발행.강생한 ‘주태구상도’의 둘째와 셋째를 격파하고,스쿠나의 손가락을 회수한 이타도리 일행.그 성과로, 그들을 1급 주술사로 올리자는 의견이 나온다.뒤에서 손을 쓰는 고죠의 의도는…?!─이야기는 고죠와 게토가 주술고전 2학년이었을 무렵에 벌어진 사건이 있던 때로 거슬러 올라간다!!",
지박소년 하나코 군 11,아이다이로,0.0점, 0,만화,SF/판타지,,"일본 현지 시리즈 누계 발행부수 190만부 돌파!2020년 1월 일본 현지 애니메이션 방영작!마침내 정체를 드러낸 유기 아마네, 「하나코 군」.하나코의 목적은 수명이 얼마 남지 않은 네네를거짓 세계 속에 가두어 그녀의 죽음을 막는 것이었다.그것을 알면서도 원래 세계로 돌아가고 싶은 네네는7대 불가사의 4번, 시지마 양에게 협력을 요청하는데…!학원 7대 불가사의 괴이담,오랫동안 쌓아 온 마음이 부딪치는 제11권!",
김전일 37세의 사건부,SEIMARU AMAGI,0.0점, 0,만화,공포/추리,,"공백의 20년이 이제, 조용히 움직이기 시작한다-.37세 김전일은 작은 PR 회사에서 일하는 초라한 월급쟁이. 부하 하야마 마린과 함께 20년 만에 찾아간 악연 깊은 ‘이진칸 호텔’에서 처참한 살인사건이 발생한다. 과연 진범 ‘벽혈귀’의 정체는 대체 누구일까? 그리고 김전일과 ‘어떤 인물’의 재회로 잃어버린 20년이 윤곽을 드러내기 시작한다-.",
펠루아 이야기 14,김연주,0.0점, 0,만화,순정만화,,"“흘러가는 건 강물만이 아니네요.”녹스가 오르테즈에게 선물한 빗을마리나가 펠루아로 가져오면서모두의 감정에 큰 영향을 미치게 된다.지금의 선택에 후회는 없는지,여전히 사랑하는지,이제는 마음이 변했는지.녹스는 오르테즈에게 궁금한 게 많지만돌아오는 답변은 없는데…",
내세에는 남남이 좋겠어 4 S 코믹스,코니시 아스카 지음,0.0점, 0,만화,순정만화,,"사람이 얌전하게 있으니까 이놈이고 저놈이고 개무시하고 앉았어.여름방학을 맞이한 요시노는 키리시마를 데리고 고향인 오사카에 가서 소메이 조 사람들, 옛 친구 쇼마와 간만의 재회를 만끽한다.한편 키리시마는 뒤에서 옛 여친 나오에게 접근 중.오사카에 따라온 이유도 그녀가 얽혀 있는 것 같은데….이윽고 요시노와 키리시마에게 위험한 그림자가 다가오고-두 사람은 사건에 휘말린다!쇼마와 키리시마의 재회.요시노와 키리시마의 관계는?평범하지 않다!! 크레이지한 두 사람의 이야기,오사카편 개막!!",
은수저 15/완결,Arakawa Hiromu,0.0점, 0,만화,학원만화,,"ARAKAWA HIROMU의 『은수저』 제15권(완결). 한 번은 장래의 길을 잃고 꿈을 미워하던 소년은, 어느새 자기 목표를 향해 달려갈 뿐 아니라 친구의 등을 밀어주는 존재가…. 땀과 눈물과 흙으로 얼룩진 이야기, 마침내 완결!!",
지박소년 하나코 군 8,아이다이로,0.0점, 0,만화,SF/판타지,,"7대 불가사의 중 세 번째인 “거울 지옥”에서 돌아온 지 3일째. 기운이 없는 코우를 위로하고자 네네는 경계의 칠석제에 참가한다. 하나코 군과 코우와 함께 축제를 즐기고 있었는데 정신을 차리고 보니 50년 전의 세계였다. 그곳에서 만난 사람이 생정의 하나코 군…?!  학원 7대 불가사의 괴이담, 운명이 교차하는 제8권!",
스킵 비트! 45,나카무라 요시키,0.0점, 1,만화,순정만화,,"“그녀한테 전부 털어놔 버려.“렌과 여배우 쿠스노키 카나의 스캔들 사진이 유출! 그리고 플레이보이라고 인식할 만한 렌의 말과 행동이 겹치면서, 갈등이 깊어진 쿄코는 렌을 피하고 만다. 거기에 카나에에게서 ‘렌이 열애설을 부정하지 않았다’는 얘기를 듣고 의혹은 확신으로 변해 가고….하지만 쿄코가 꼬꼬의 모습으로 렌과 마주친 순간, 생각지도 못한 방향으로 이야기가 굴러가기 시작하는데-?!",
나 혼자만 레벨업 1 만화,추공,0.0점, 7,만화,액션/무협만화,,"카카오페이지 140만 독자가 열광한 레이드 액션의 진수! 최약체에서 최강 헌터로, 세상의 중심에 서다! 카카오페이지에서 연일 화제를 모으며, 폭발적 인기 속에 연재 중인 장성락 만화, 추공 원작 『만화 나 혼자만 레벨업』이 소장용 단행본으로 출간된다! 단행본만을 위한 본문 전면 재연출을 거쳤으며, 넉넉한 신국판 판형으로 ‘나혼렙’ 액션신의 쾌감을 100% 만끽할 수 있다. 한 화 읽고 나면 정신을 차릴 수 없이 빠져드는 레이드 액션의 진수! 돈 없고, 백 없고, 능력 없는 사상 최약체 E급 헌터, 성진우의 화려한 부활&레벨업이 시작된다! “[접속]하여 레벨업하겠는가?” ",
원피스 95 오뎅의 모험,오다 에이치로,0.0점, 2,만화,SF/판타지,,EIICHIRO ODA의 『원피스』 제95권. 최악의 동맹 탄생 카이도가 그 괴물과 동맹을 맺은 한편 루피 일행은 동료 모으기도 마치고 오니가시마 습격이 눈앞. 그러나 그 뒷전에세 세계 정세는 크게 흔들리기 시작했다!!,
기동경찰 패트레이버 1,YUUKI MASAMI,0.0점, 0,만화,SF/판타지,,애장판으로 다시 만나는불후의 명작 《기동경찰 패트레이버》			초호화 사양의 아웃박스와 특수 가공표지			컬러 재현과 컨셉 아트 특별수록			 연이은 레이버 범죄에 대항하기 위하여 경시청은 전문부재를 설립한다.			적성 시험을 통과한 이즈미 노아 순경은 신형 패트레이버의 파일럿이 되어			지휘를 담당하는 시노하라 아스마 순경과 함께 임무에 투입되고			압도적인 성능을 지닌 패트레이버는 차례차례 사건을 해결해 나간다.			그 사건들 중 일부에 패트레이버의 능력을 빼내려 획책하는			‘어떤 조직’이 관련되어있다는 것도 모른채…….,
도라에몽. 0 애니메이션 원작 만화,후지코 F 후지오,0.0점, 3,만화,명랑/코믹만화,,"도라에몽 탄생 50주년!!여섯 가지 버전의 〈도라에몽〉 제1화 초판 버전을 만나다!!			 도라에몽 탄생 50주년에 덧붙여서, 총 여섯 가지의 〈도라에몽〉 제1화를			초판 버전이자 완전 컬러로 수록했다.			마감에 빠듯해도 제목도 주인공도 정해져 있지 않았다는 전설의 예고나,			작자 자신에 의한 창작 비화 만화 〈도라에몽 탄생〉도 신서판 코믹스 첫 수록!			귀중한 사진과 자료로 보는 권말 해설도 충실!",
어떤 계모님의 메르헨 1 (설정집 + 퍼즐 + 엽서8종 + 초판한정 엽서 + 세트 박스 포함 한정판),ORKA 지음,0.0점, 0,만화,순정만화,,"철혈의 미망인, 거미 과부, 남자 사냥꾼,노이반슈타인 성의 마녀, 귀부인들의 수치…모두 나, 슈리 폰 노이반슈타인 후작 부인을 가리키는 말이다.세상에 욕먹어가며 동생뻘인 피 한 방울 섞이지 않은 자식들을 키워냈지만…첫째 제레미의 결혼식 날, 결혼식에 오지 말라는 통보를 듣게 된다.주어진 의무대로 악착같이… 독하게 살았건만, 내게 남은 것은 무엇인가.그래, 이제는 노이반슈타인 후작 가문의 주인이라는 거대한 중압감에서 벗어나,나의 새로운 인생을 멋지게 살아보는 거야!그렇게 성을 떠나던 중, 사고에 휘말려 목숨을 잃게 되는데….눈을 떠보니, 칠 년 전 죽은 남편의 장례식 날로 돌아왔다?!더 이상 개고생은 사양이다.두 번 다시 예전처럼 살지 않으리라!","과거를 반복하지 않으려는 슈리의 고군분투 생존기!ORKA 작가의 수려한 만화로 재탄생한『어떤 계모님의 메르헨』!어린 나이에 노이반슈타인 후작 부인이 된 슈리.철혈의 미망인, 거미 과부, 남자 사냥꾼, 노이반슈타인 성의 마녀, 귀부인의 수치… 세상 사람들의 손가락질을 견뎌내며 슈리는 피 한 방울 섞이지 않은 동생뻘 자식들을 키워냈다. 마침내 첫째 아들 제레미의 결혼식 날, 모든 고생이 결실을 보는 날이라 생각했으나 결혼식에 오지 말라는 통보를 듣고 말았다. 상심한 그녀는 성을 떠나는 와중 사고를 당해 목숨을 잃는데…….그러나 눈을 떠보니 과거로 돌아와 있는 슈리. 새로운 삶이 시작된 그녀의 앞날은 과연?"
눈이 나려 꽃 14,임해연,0.0점, 0,만화,순정만화,,"“진실을 알고자 합니다.” 공 소의의 사술이 들킨 이후, 설화는 그 일을 묻으려 한다. 그러나 궁 안에서의 소문은 커져만 가고… 호요는 설화를 못 미더워 하며 새로운 방안을 찾아 나서는데!!",
인소의 법칙. 2,아현 (만화),0.0점, 0,만화,순정만화,,"사대천왕에 미녀 여주까지…감당불가 인터넷 소설 세계에 빠져 버렸다! 카카오페이지 화제작 학원 로맨스 웹툰 단행본카카오페이지 인기 연재작 웹툰「인소의 법칙」소장본 2권. 원작 소설과 웹툰 모두 탄탄한 팬층을 확보한 화제작이다. 인터넷 소설 읽기가 취미였던 평범한 학생 함단이. 어느 날 자고 일어나니 옆집에는 엄청나게 예쁜 여학생이 살고, 학교에는 이름도 무시무시한 사대천왕이 떡하니 버티고 있다. 엄마도 우리 엄마, 집도 우리 집이 맞건만 이곳은 전혀 다른 소설 속 세상. 재벌가 외동아들 은지호, 냉미남 유천영, 모범생의 탈을 쓴 흑막(?) 권은형, 저세상 귀여움을 장착한 천재 우주인…. 학교에는 설정과다 사대천왕이 있고, 옆집에는 오직 나만 바라보는 순정파 초특급 미녀 반여령이 산다! 사대천왕이 존재하는 인터넷 소설 속에서 ‘미녀 여주의 절친1’로 살아가기가 얼마나 험난한지, 그간 섭렵한 무수한 인소를 통해 학습해 온 함단이는 반여령과 사대천왕을 멀리하기 위해 애쓰지만, 어째 점점 더 인소의 수렁으로 빠져드는 듯한 느낌은 무엇…?![줄거리] ‘이 세계가 소설 속이라는 건, 내 착각 아닐까?’ 친구들에게 마음을 열어가던 단이에게 닥쳐온 뜻밖의 사건!늘 자신이 이 세계에 속한 사람인가에 대한 의문을 놓지 못했던 함단이. 단이는 고교 입학을 앞두고 자꾸만 모두와 거리를 두려 하고, 천영을 비롯한 친구들은 그런 단이의 행동이 의아하기만 하다. 단이는 1년 전 입학식 날, 사대천왕과 여령을 잃어버렸다고 생각한 날의 기억을 은형에게 들려주는데….*단행본 2권에는 연재분 17~34화까지의 원고를 담았습니다.",
지박소년 하나코 군 4,아이다이로,0.0점, 0,만화,SF/판타지,,"일본 현지 시리즈 누계 발행부수 190만부 돌파!2020년 1월 일본 현지 애니메이션 방영작!“화장실의 하나코 양”으로 알려진하나코 군을 감시하는 퇴마사 미나모토 코우는학교 신발장 앞에서 장난을 치던한 유령을 성불시키기 위해 그를 돕기로 한다.그러나 유령의 배후에는 뜻밖의 인물이 있었는데….학교 7대 불가사의 괴담,새롭게 전개되는 제 4권 등장!",
귀멸의 칼날 공식팬북 鬼滅の刃,고토게 코요하루,0.0점, 1,만화,,,"본서의 내용●본 작품의 전신인 「귀살의 나가레」제1화∼제3화의 콘티를 완전 수록!!●주요 등장인물의 생일과 연령, 취미 등 상세한 프로필을 대공개!●고토게 선생님의 미니 일러스트가 포함된 「다이쇼 속닥속닥 세상이야기」대방출!●오직 본서를 위해 제작된 「귀멸 학원」의 특별편을 9페이지나 게재!!●표지 및 표지 안쪽의 일러스트도 전부 신작!!그 밖에도 특별 부록과 비장의 컷, 애니메이션 설정 자료 등,귀살대원이 필히 숙지해야 할 사항을 빼곡히 게재! 반드시 손에 넣을 것!!","TV애니메이션 화제작! 일본에서 작품 시리즈 누계 8,000만 부 돌파!!귀멸의 칼날 20권, 20권 엽서세트 한정판과 동시 발매!!첫 연재작으로 엄청난 화제를 몰고 있는 〈귀멸의 칼날〉의 공식 팬북이 발매된다.도깨비에게 가족을 잃고, 도깨비로 변모한 누이동생을 인간으로 되돌리기 위해 모험을 떠나는 남주인공의 성장 모험기를 중심으로 다양한 인물들의 이야기가 흥미롭게전개되는 작품의 팬북으로 〈귀멸의 칼날〉 독자라면 반드시 소장해야 할 단행본이다.독자들의 발매 문의가 많이 들어온 단행본이 곧 발매된다."
5등분의 신부 완결,하루바 네기,0.0점, 1,만화,순정만화,,"무사히 결혼식 골인?!대인기! 화제의 학원 러브코미디드디어 완결!!  「낙제 직전」,「공부 질색」의 미소녀 다섯 쌍둥이를 가정교사로서 「졸업」까지 인도하게 된 후타로. 고등학교 마지막 이벤트인 「학교 축제」가 개막. 각자의 사랑의 향방은─?! 후타로와 다섯 쌍둥이의 유쾌하고 시끌벅적한 일상도 드디어 마지막 권!!",
겁쟁이 페달 66,Wataru Watanabe,0.0점, 0,만화,스포츠만화,,"MTB계의 두 사람!!키지 큐이 VS 요시마루 라이네!!!  독주하던 요시마루 라이네에게 '산의 황제' 키지 큐이가 5초 차이로 따라붙는다!! 두 사람은 다른 선수를 멀리 따돌리고 초테크니컬 구간에 돌입. 서로 양보 없는 싸움을 펼친다. 스즈네와 함께 MTB 레이스를 관전하는 사카미치는 로드 레이스에서 불가능한 MTB만의 주행을 보고 충격을 받는데…!!",
기동경찰 패트레이버 2,유우키 마사미,0.0점, 0,만화,SF/판타지,,"애장판으로 다시 만나는불후의 명작 《기동경찰 패트레이버》			초호화 사양의 아웃박스와 특수 가공표지			컬러 재현과 컨셉 아트 특별수록			 샤프트 엔터프라이즈의 우츠미는 군용 레이버를			패트레이버와 싸우게 함으로써 데이터를 축적한다.			한편, 새로 특차2과에 배속된 쿠마가미 타케오는			대원들이 패트레이버가 지닌 성능을 충분히 발휘하지 못하고 있음을 확신.			모의전을 통해 그녀의 지적이 옳았음을 알게 된 노아와 오오타는			마음을 다잡고 새로운 임무에 나선다.			그리고 어느 휴일날, 게임 센터에 놀러 온 노아와 아스마는			패트레이버 시뮬레이터를 엄청난 실력으로 클리어하는 남성을 만나게 되는데.",
황제와 여기사. 1 만화,TEAM 이약 (만화),0.0점, 0,만화,,,"“나를 여자라고 무시한 놈들에게,그들이 틀렸다는 걸 증명하기 위해 노력했던 거다.”어린 나이에 가문에서 쫓겨나다시피 하여 군대에 복역한 여기사 폴리아나.남자들의 사회에서 살아남기 위해 필사적으로 노력해 왔지만 적국 아크레아의 군대에 패배하여 허망하게 죽을 위기에 처한다.그때, 그녀의 사투를 지켜 본 아크레아의 젊은 왕, 룩소스 1세가 그녀에게 뜻밖의 제안을 건네는데…….","오직 ‘충성’밖에 모르는 여기사, 그리고 충성이 아닌 ‘사랑’을 원하는 황제.새로운 스타일의 ‘여기사 로망’, 만화로 재탄생!로맨스 소설의 규격 외(?) 작품, 소설 『황제와 여기사』가 만화로 재탄생했다.『모럴 센스』의 작가 겨울과 『낮에 뜨는 달』의 작가 헤윰이 소속된 팀 이약의 작품으로, 두 작가의 개성적인 연출이 원작의 파격적인 캐릭터 설정과 절묘한 스토리텔링, 그리고 유머러스함을 생생하게 담아내며 탄탄한 마니아 팬층을 확보했다.오로지 주군을 향한 ‘충성’밖에 모르는 카리스마 넘치는 여기사 폴리아나와 그런 그녀의 충성이 아닌 ‘사랑’을 원하는 아름다운 황제 룩소스 1세. 두 사람의 험난한 연애 발전 과정을 지켜보며 독자들은 기존 로맨스 장르의 전형을 벗어난 색다른 로맨스에 빠져들게 될 것이다."
진격의 거인 후회없는 선택 세트 1-2,이사야마 하지메,0.0점, 0,만화,SF/판타지,,『진격의 거인 후회없는 선택』세트. 왕도 지하에서 입체기동 장치를 다루는 절도단이 목격된다. 게다가 절도단의 리더는 조사병단 수준의 실력을 갖고 있었다. 조사병단 분대장 엘빈은 리바이라 이름을 밝힌 그 남자에게 어떤 거래를 제안한다. ‘왕도의 불량배’는 과연 인류 최강으로의 첫 걸음을 내딛을 것인가….,
귀멸의 칼날 19 鬼滅の刃 19,고토게 코요하루,0.0점, 1,만화,SF/판타지,,"고토게 코요하루의 『귀멸의 칼날』 제19권. 카나오와 이노스케 대 상현2 도우마의 싸움은 극한으로─!! 가족을 죽인 도깨비를 앞에 두고 두 사람은 분노에 치를 떨지만, 강력한 혈귀술에 번번히 밀려 악전고투한다. 가까이 가지도 못하는 열세를 뒤집고, 두 사람은 과연 원수를 갚을 수 있을 것인가…?!",
엔네아드 1~3권 박스 세트(전3권),Mojito,0.0점, 1,만화,,,"이집트 신들의 애증과 집착의 판타지 BL  〈엔네아드〉 1~3권 박스 세트 발간!독자를 이집트 신화 덕질로 이끈 마성의 BL 웹툰평화롭던 이집트는 전쟁의 신 ‘세트’로 인해 피로 물들고 결국 오시리스의 아들 ‘호루스’가 그에게 반기를 든다. 엔네아드 신들이 지켜보는 가운데 이집트의 왕권을 걸고 세트와 호루스는 대결을 펼치고, 엔네아드 신들은 저마다 의도를 숨기고 대결에 개입한다. 한 치 앞을 알 수 없는 승부! 승부보다도 흥미진진한 신들의 세트 쟁탈전! 화제의 BL 웹툰 〈엔네아드〉가 드디어 단행본으로 만나보자.","이집트 신들의 애증과 집착의 판타지 BL『엔네아드 ENNEAD』 1~3권 동시 발간!독자를 이집트 신화 덕질로 이끈 마성의 BL 웹툰평화롭던 이집트는 전쟁의 신 ‘세트’로 인해 피로 물들고 결국 오시리스의 아들 ‘호루스’가 그에게 반기를 든다. 엔네아드 신들이 지켜보는 가운데 이집트의 왕권을 걸고 세트와 호루스는 대결을 펼치고, 엔네아드 신들은 저마다 의도를 숨기고 대결에 개입한다. 한 치 앞을 알 수 없는 승부! 승부보다도 흥미진진한 신들의 세트 쟁탈전! 화제의 BL 웹툰 〈엔네아드〉가 드디어 단행본으로 만나보자."
연의 편지,조현아,9.17점, 35,만화,드라마,,"편지와 함께 찾아온 마법 같은 시간 낯설고 두려운 순간, 나를 인도하듯 날아온 편지와 그 안에 적힌 수수께끼. 편지를 따라가면 너를 만날 수 있을까…?  주인공 소리는 이전 학교에서 겪은 학교 폭력의 후유증으로 새로운 학교에서도 겉돌고 있었으나, 어느 날 책상 안쪽에 붙어 있는 숨겨진 편지를 발견하며 모든 것이 바뀐다. 발신인 불명의 편지는 학교의 지름길, 반 친구들의 얼굴과 이름표, 선생님의 특징을 설명하며 소리가 새 학교에 빨리 적응하면 좋겠다고 응원해준다.   『연의 편지』는 네이버웹툰에서 여름 특선 10부작으로 2018년 8월에 첫 화가 공개되었다. 아름다운 색감과 풍경, 날 선 마음을 다독이는 따뜻한 감성으로 9.98이라는 높은 별점을 이끌어내며 연재를 마무리하고, 이후 수많은 독자의 공감과 찬사에 힘입어 극장용 애니메이션 제작도 확정되었다.   ","단행본에서 달라진 점 『연의 편지』는 단행본 도서로 제작되면서 모든 컷을 페이지 단위 연출에 맞춰 재조립했고, 이에 따라 많은 페이지가 작가님의 손에서 다시 그려졌다.웹툰에서 시선을 빼앗은 갖가지 장면이 그대로 재현됨은 물론이고, 작가님이 아쉬운 점을 보완하여 그려주신 수많은 배경과 중간 컷이 이야기에 더 몰입할 수 있게 만들어 준다. 또한 웹툰 마지막 장면에서 이어지는 단행본 특별 외전이 「추신」이라는 제목으로 수록되어, 완결의 아쉬움을 달래고 주인공들의 미래를 응원하게 만든다.출간 기념 수량 한정 증정품으로 1화에서 나온 첫 번째 편지를 테마로 구성한 「0번째 편지(구성물 : 엽서, 캐릭터 시트, 캐릭터 카드, 우표형 스티커, 봉투)」를 제공하며, 예약 기간에는 추가로 사인 엽서(작가 친필 사인 인쇄)도 동봉된다. 소리와 동순이가 편지를 열며 느낀 감정이, 누군가에게도 같은 감동으로 닿을 수 있길 바란다."
하루만 네가 되고 싶어. 1 삼 만화,삼,0.0점, 1,만화,웹툰/카툰에세이,,"“완벽한 인생이었다. 그애가 나타나기 전까지는.”로맨스판타지의 새로운 군림자‘2019년 네이버웹툰 최강자전’ 최고의 화제작이자 ‘메데이아 님’ 열풍을 일으킨 웹툰 『하루만 네가 되고 싶어』의 단행본이 출간되었다. 삼 작가의 데뷔작인 『하루만 네가 되고 싶어』는 황권과 신성이 함께 다스리는 에페란토 제국을 무대로 한 판타지 서스펜스물로, 황태자비 자리를 두고 경합하던 두 여자 메데이아와 프시케의 영혼이 뒤바뀌며 발생하는 사건을 그린다.","“정말로 에페란토를 수호하는 신이라면 이런 덜떨어진 여자 말고 내게 기회를 줘.프시케의 모든 걸 빼앗게 해달라고!”  황권과 신성이 함께 다스리는 제국 에페란토. 최고 권세가인 벨리아르 공작가의 공녀 메데이아는 뛰어난 기량에 남다른 카리스마까지 갖춘 절대적인 황태자비 후보였다. 프시케 폴리가 나타나기 전까지는. 두려움과 선망을 한몸에 받으며 사교계의 정점에 군림하던 메데이아의 인생은 프시케의 등장과 함께 완전히 뒤바뀐다. 내정받았던 황태자비 자리가 경합으로 바뀌고, 경합에서 월등한 기량을 선보였음에도 프시케에게 황태자비 자리를 빼앗기고 만 것. 황족이 되는 것을 일생의 목표로 살아왔던 메데이아는 프시케에 대한 증오로 가득차 복수를 다짐한다.이윽고 메데이아의 복수가 시작되고, 두 여자는 신이 기도를 이루어준다는 기도의 날 신전에서 맞닥뜨린다. 다툼을 벌이던 두 여자는 실수로 함께 물에 빠지고, 물속에서 메데이아는 “프시케의 모든 것을 빼앗게 해달라”고 기도한다. 다음날 눈을 뜬 두 사람은 서로 영혼이 바뀌었음을 깨닫는데…2019 네이버웹툰 최강자전 최고의 화제작! 『하루만 네가 되고 싶어』는 2019년 네이버웹툰 최강자전에 출품되며 처음 공개되었다. 클리셰를 부수는 설정과 아름다운 그림체, 반전을 거듭하는 스피디한 전개로 화제를 모으며 16강전에 진출했으나 안타까운 사정으로 기권하며 정식 연재가 무산되었다. 그후 도전만화 단계부터 다시 밟기 시작했는데, 독자들의 열렬한 지지를 등에 업고 단기간에 정식 연재작으로 발탁되며 또 한번 화제에 올랐다. 2020년 1월 연재가 시작된 이래 줄곧 인기 상위권에 군림하며 2020년 최고의 주목작으로 급부상했다. 정식 연재 전부터 팬카페가 생성될 만큼 충성심 높은 팬층을 자랑한다. 새 연재가 올라오는 화요일에는 트위터 실시간 검색어에 팬아트와 ‘메데이아’의 이름이 오르내리는 등 열풍 그 자체이다.강인한 정점의 군림자 메데이아 X순진무구하지만 비밀스러운 프시케‘하네되’ 열풍의 주역은 기존 로맨스판타지의 공식을 벗어난 여성 캐릭터들이다. 흔히 로맨스판타지의 여주인공들이 아름다운 용모와 고귀한 신분으로 태어나 주변의 사랑을 받는 것과 달리, 메데이아는 1화부터 복수의 화신으로 등장하며 강렬한 인상을 남겼다. 목적을 달성하고자 직접 상대를 칼로 찌르거나 독을 먹이는 등 얼핏 악녀에 가깝게 그려지지만, 내숭 없이 원하는 것을 적극적으로 쟁취하는 메데이아의 캐릭터가 오히려 독자들을 강하게 사로잡았다. 또 한 명의 주인공 프시케는 메데이아와 완전히 반대되는 인물이다. 사랑스러운 외모와 순진무구한 성품으로 늘 주변의 관심과 보호에 둘러싸여 있다. 프시케 스스로도 사랑을 중시하는 캐릭터로 메데이아와는 여러 모로 상반된다. 두 사람의 관계는 황태자비 경합으로 적대적으로 치닫지만, 영혼이 뒤바뀌는 사고로 인해 생각지도 못한 방향으로 흘러간다.극과 극인 두 여자의 얽혀버린 운명이에페란토 제국을 뛰어넘어 로맨스판타지의 왕도를 뒤흔든다! 『하루만 네가 되고 싶어』는 가상의 중세 국가와 궁전 등 기본 설정은 로맨스판타지에 가깝지만 ‘로맨스’보다는 여성 캐릭터들의 ‘성장’과 ‘연대’에 초점을 맞추고 있다. 1권 역시 적이 된 메데이아와 프시케가 서로 영혼이 바뀌면서 조금씩 서로를 이해하기 시작하는 전개로 흘러간다. 사랑을 둘러싼 여성 간의 대립 구도가 아닌, 서로 시너지 효과를 내는 ‘메데이아X프시케’ 조합은 독자들이 ‘하네되’에 가장 열광하는 이유 중 하나다.단행본 단독! 캐릭터 4인방 설정 시트 수록◆한정 수량◆ 저자 친필 사인본 + 양면 일러스트 책갈피 뜨거운 인기에 걸맞게 연재 초부터 단행본 출간을 요청하는 독자들의 목소리가 끊이지 않았다. 독자들의 성원에 보답하고자 삼 작가는 이번 단행본 출간에 남다른 노력을 기울였다. 단행본에 맞춘 본문 수정과 권말 부록 작업, 표지부터 특별판 일러스트까지 각별한 정성을 쏟았다.1권에는 연재 12화에 해당하는 분량이 수록되었다. 권말에는 캐릭터 4인방의 설정을 정리한 ‘캐릭터 설정 시트’가 실려 연재와는 또다른 즐거움을 선사한다. 문학동네에서는 단행본 출간을 기념해 한정 수량으로 양면 일러스트 책갈피(1매)를 증정한다. 초판에 한해 저자 친필사인 인쇄를 만나볼 수 있다."
도쿄 바빌론 1,클램프,0.0점, 1,만화,SF/판타지,,"“당신은 『도쿄』를, 싫어하나요?”단 하나의 질문이 사건의 시작과 끝을 향한다. 국내에 이미 발행된 적이 있는 단행본이지만 여전히 인기를 구사하고 있는 작품이 애장판으로 돌아왔다!! 일본 최고의 음양사 스메라기 가문의 당주 스바루와 쌍둥이 누나 호쿠토. 그리고 수수께끼의 수의사 사쿠라즈카 세이시로. 도쿄를 무대로 전개되는 불후의 명작이 여기에!!","“당신은 『도쿄』를, 싫어하나요?”일본 최고의 음양사 스메라기 가문의 당주 스바루와 쌍둥이 누나 호쿠토.그리고 수수께끼의 수의사 사쿠라즈카 세이시로. 세 사람은 화려하지만 어둡고바쁘게 돌아가며 여유가 없는 도쿄에서 살고 있다. 음양사인 스바루의 앞에 속속들이 도착하는 의뢰들과 불투명한 세이시로의 정체…. 세 사람의 운명이 반짝이는 도쿄 안에서 어지럽게 소용돌이 친다…!!"
불의 검 11 신장판,김혜련,0.0점, 0,만화,교양만화,,데뷔부터 지금까지 꾸준히 한국 순정 만화 팬들의 사랑을 받고 있는 김혜린 작가의 대표작 <불의 검>의 신장판. 부족 국가의 시대로 끝없는 전쟁과 그 속에서 고뇌하고 사랑하는 이들에 대한 이야기이다. 여리지만 순수한 강함을 지닌 아라와 기억을 잃고 아라의 곁에 찾아온 청년 산마로. 힘을 잃은 민족의 한을 가슴 속에 품고 하루하루를 살아가던 그들에게 운명은 다시금 소용돌이 치는데….,
귀멸의 칼날 17 계승하는 자들,고토게 코요하루,0.0점, 0,만화,SF/판타지,,"고토게 코요하루의 『귀멸의 칼날』 제17권. 무잔을 치기 위해 무한성에 돌입한 귀살대. 상현2 도우마와 격투를 펼치는 시노부는 독이 안 통하는 도우마를 상대로 고전을 면치 못한다. 과연 언니의 원수를 갚을 수 있을 것인가…?! 한편, 젠이츠의 앞도 도깨비가 막아서는데─?!",
주술회전 1 양면 스쿠나,Gege Akutami,0.0점, 1,만화,SF/판타지,,"주간 소년 점프 돌풍의 주역 드디어 한국 상륙!햇병아리 주술사들의 뜨거운 반란이 시작된다.경이로운 신체 능력을 가진 고등학생 이타도리 유지는 병상에 누워 있는 할아버지의 병문안을 가는 것이 일과이다.그러던 어느 날, 학교에 잠들어 있던‘주물(呪物)’의 봉인이 풀리면서 괴물이 나타나고이타도리는 미처 도망치지 못한 선배를 구하기 위해 학교 건물로 뛰어드는데?!",평범한 소년 VS 저주의 왕 격돌!!신감각 주술 액션 판타지 1~2권 동시 발매약식판권 : JUJUTSU KAISEN ⓒ 2018 by Gege Akutami / SHUEISHA Inc.<주술회전>1~2권 동시 발행 홍보용 PV 1탄 :https://youtu.be/1xHNOOKH1Iw
주술회전 2,Gege Akutami,0.0점, 3,만화,SF/판타지,,"주간 소년 점프 돌풍의 주역 드디어 한국 상륙!!햇병아리 주술사들의 뜨거운 반란이 시작된다소년원 안에서 갑자기 주태(呪胎)가 발생. 미처 도망치지 못한 사람을 구조하기 위해, 이타도리를 비롯한 주술고전 1학년들이 파견된다!그러나 특급 주령으로 변한 주태의 습격을 받고 위기에 처한 일행.이타도리는 스쿠나와 몸을 바꿔 주령을 쓰러뜨리려 시도하는데…?!","바보 제자 VS 최강 선생님 콤비, 시동!!신감각 주술 액션 판타지 1~2권 동시 발매약식판권 : JUJUTSU KAISEN ⓒ 2018 by Gege Akutami / SHUEISHA Inc.<주술회전>1~2권 동시 발행 홍보용 PV 1탄 :https://youtu.be/1xHNOOKH1Iw"
귀멸의 칼날 13,고토게 코요하루,0.0점, 0,만화,SF/판타지,,"상현 도깨비 한텐구와 굣코가 은닉 마을인 도공 마을을 습격?! 공격할 때마다 분열해서 위력이 커지는 한텐구에게 탄지로와 겐야는 고전을 면치 못한다. 한편, 타인에 대한 관심이 희박한 하주(霞株) 토키토는 도깨비에게 공격당하고 있는 코테츠를 목격하고…?!",
귀멸의 칼날 14 鬼滅の刃 14,고토게 코요하루,0.0점, 0,만화,SF/판타지,,"감정 별로 분리되어있던 도깨비 한텐구의 본체를 제외하고 다른 것들이 합체하며 탄지로를 공격한다! 한텐구한테서 「약자」를 괴롭힌다는 소리를 듣고 고전 중이던 탄지로는 분개하는데?! 한편, 하주 토키토는 과거 기억을 되찾고, 굣코와 대치한다. 그러자, 토키토에게 변화가?",
귀멸의 칼날 16,고토게 코요하루,0.0점, 4,만화,SF/판타지,,"주(柱) 훈련을 받으러 암주(岩柱) 히메지마를 찾아간 탄지로. 폭포수를 맞고, 통나무를 짊어지고, 바위를 움직이는 혹독한 수련을 거쳐 탄지로는 과연 히메지마에게 인정받을 수 있을 것인가?! 그 이면에서 무잔은 네즈코와 우부야시키의 행방을 알아내려 하는데─?!",
귀멸의 칼날 18 鬼滅の刃 18,고토게 코요하루,0.0점, 0,만화,SF/판타지,,"고토게 코요하루의 『귀멸의 칼날』 제18권. 상현3 아카자와 대치하는 탄지로와 토미오카. 그 압도적인 힘을 상대로 두 사람은 방어로 일관하는데, 치열하기 짝이 없는 싸움 속에서 탄지로는 아버지한테 배운 「내비치는 세계」의 경지에 도달한다! 탄지로의 검은 과연 아카자에게 닿을 것인가…?!",
주술회전 7,Gege Akutami,0.0점, 2,만화,SF/판타지,,"신감각 주술 액션 판타지, 주술회전.일본 현지 애니메이션 방영 결정!주술 고전은 특급 주령인 하나미 일당의 습격을 물리치지만, 스쿠나의 손가락과 특급 주물인 ‘주태구상도(呪胎九相圖)’를 빼앗긴다. 구상도를 통해 강생한 새로운 위협―. 그 위기도 모른 채, 이타도리 일행은 ‘문에 나타나는 주령’을 퇴치하기 위해 나서는데…?!",
스파이더겟돈 SPIDER-GEDDON,댄 슬롯,0.0점, 1,,,,"“멀티버스를 가로질러 스파이더맨들의 신나는 팀업이 선사하는, 빠른 템포의 화려한 쇼.” - 뉴사라마“모든 스파이더맨, 스파이더우먼, 스파이더 인간들이 각기 독특하게 살아 숨 쉬며 엄청나게 재미있는 결과를 낳는다.” - AIPT!스파이더버스가 모든 거미 인간을 한데 모았다면,이제 스파이더겟돈이 그들 모두를 파괴할 것이다!인헤리터스는 결국 마블 유니버스에 재림했다. 악당들이 첫 번째 희생자를 낸 이상, 스파이더 군대는 반드시 다시 모여 그들을 저지해야만 한다! 스파이더맨, 오토 옥타비우스, 스파이더 그웬, 마일스 모랄레스, 스파이더우먼, 스파이더 펑크, 일본 실사 TV 스파이더맨, PS4 신작 게임의 스파이더맨 등 다양한 스파이더맨들이 출연하고, 새로운 거미 영웅들이 데뷔한다! 거친 서부에서 온 스파이디, 웹슬링어! 메이 파커: 스파이더맴! 그밖에도 다양한 거미를 만날 준비를 하시라! 하지만 이들이 마주하는 위협은 점점 커지고, 우리의 거미줄머리와 벽타개들에게 상황은 악화되어만 가는데…. 스파이더버스의 끝이 도래한다!스파이더버스 이후 4년, 거미 포식자 가족의 귀환!2014년 작 ‘스파이더버스’가 얻은 뜨거운 반응이 현재까지도 애니메이션과 영화에 꾸준한 영감을 주는 가운데, 스파이더버스의 후속편 ‘스파이더겟돈’이 국내 팬들을 찾아간다. 인헤리터스가 방사능 세계에서 탈출해 찾아오고, 피터 파커가 몰런을 상대하는 사이 두 번째 거미 전쟁을 이끌 히어로는… 마일스 모랄레스다! 『레드 고블린』을 통해 댄 슬롯의 연재분이 끝나고 닉 스펜서의 ‘프레시 스타트’ 런으로 이어지는 길목에 위치한 화려한 스파이더 이벤트를 만나 보자.크리스토스 게이지, 댄 슬롯, 컬런 번, 라이언 노스, 호르헤 몰리나 외 수많은 작가진이 참여한 「스파이더겟돈」 #0-5 본편, 새로운 거미 영웅들을 잔뜩 소개하는 타이인「볼트 오브 스파이더스」 #1-2와 함께 스파이더겟돈 프롤로그「슈피리어 옥토퍼스」가 한국어판 한정 특별 수록되었다.*함께 읽으면 좋은 책:『어메이징 스파이더맨』 VOL. 1: 집으로『마블 나우! 어메이징 스파이더맨』 VOL. 2: 스파이더버스의 전주곡『마블 나우! 어메이징 스파이더맨: 엣지 오브 스파이더버스』『마블 나우! 어메이징 스파이더맨』 VOL. 3: 스파이더버스『어메이징 스파이더맨: 클론 컨스피러시』 VOL. 1-2『어메이징 스파이더맨: 시크릿 엠파이어』『어메이징 스파이더맨: 레드 고블린』『스파이더 그웬: 고스트 스파이더』",
변덕쟁이 오렌지로드 1 애장판,Izumi Matsumoto,0.0점, 0,만화,순정만화,,"우리들의 마음을 찬란하게 빛낸 첫사랑이 돌아왔다─!모두의 마음을 설레게 만든 첫사랑의 귀환!! 우유부단한 소년&불량한 미소녀&귀여운 후배!세 사람이 펼치는 새콤달콤 청춘 러브 코미디, 개막─!초능력 집안의 장남 카스가 쿄스케는 일곱 번째로 이사한 날, 새빨간 밀짚모자를 쓴 미소녀 마도카를 보고 첫눈에 반한다. 전학을 간 학교에서 시작되는 쿄스케, 마도카, 히카루의 사랑 이야기─.",
귀멸의 칼날 1,고토게 코요하루,0.0점, 0,만화,SF/판타지,,"일본 누계 100만 부 돌파!소년의 칼날이 귀신을 멸하리라완전히 새로운 검투 만화가 시작된다!!  첫 연재작으로 엄청난 화제를 몰고 있는 『귀멸의 칼날』이 드디어 정식 발매된다. 네티즌들 사이에서 화제를 모으고 있는 작품으로 아기자기하고 귀여운 캐릭터와 상반되는 잔혹한 스토리가 매력적이다. 도깨비들에게 가족을 잃고, 도깨비로 변모한 누이동생을 인간으로 되돌리기 위해 모험을 떠나는 남주인공은 고전적이지만 정직하고 정의로운 성격으로 인기를 끌고 있다. 주인공의 성장과 모험, 우정 등 여러 가지면에서 모범적인 소년 만화로 큰 인기를 모을 것으로 기대된다. 때는 다이쇼 시대. 숯을 파는 마음씨 착한 소년 탄지로의 일상은 가족들이 도깨비에게 몰살당하면서 돌변한다. 유일하게 살아남았으나 도깨비로 변모된 누이동생 네즈코를 원래대로 돌려놓기 위해, 또한 가족을 죽인 도깨비를 응징하기 위해 탄지로와 네즈코는 길을 떠난다!! 혈풍검극 모험담, 개막!!",
귀멸의 칼날 3,고토게 코요하루,0.0점, 0,만화,SF/판타지,,고토게 코요하루의 『귀멸의 칼날』 제3권. 테마리와 화살표를 조종하는 도깨비 둘과 칼싸움을 벌이는 탄지로와 네즈코. 스스로를 키부츠지의 직속 부하 십이귀월(十二鬼月)이라 밝힌 도깨비들을 상대로 탄지로 남매는 타마요와 유시로의 조력을 받아 맞서 싸운다!! 당당히 그들을 격파하고 과연 숙적 키부츠지에 대한 단서를 손에 넣을 수 있을 것인가?!,
귀멸의 칼날 15,고토게 코요하루,0.0점, 0,만화,SF/판타지,,마침내 상현 도깨비 한텐구의 본체를 궁지에 몰아넣은 탄지로. 그러나 새벽이 다가오자 도깨비인 네즈코의 몸에 위기가?! 네즈코의 안위가 염려되어 한텐구를 쓰러뜨리러 가는 걸 망설이는 탄지로. 과연 한텐구를 처단할 수 있을 것인가?! 그리고 네즈코의 안위는?!,
대답하세요! 프라임 미니스터 7,임주연,0.0점, 0,만화,기타만화,,"여왕 캐서린과 노엘 사이에 스캔들이 터지면서 그녀의 속 이야기가 밝혀진다. 반면 헬렌의 뜻을 알아챈 노엘과 베아트릭스는 미합중국 대통령과 비밀스런 만남을 갖는다. 하지만 이 비밀로 인해 노엘은 또다시 위기를 맞게 되고, 이를 해결하고자 예상외의 인물을 찾아가는데…. 그리고 줄곧 노엘과 토머스를 주시하던 남자에 대한 비밀이 밝혀지는데?! 〈CIEL〉〈Pure Crown〉임주연 작가의 신감각 영국 정치 로맨스!!",
원펀맨(One Punch Man). 22(특별한정판 A박스) 빛,ONE (원작),0.0점, 3,만화,SF/판타지,,"히어로 VS 괴인협회, 본격적인 싸움이 시작된다!!동제는 전생 피닉스 사나이를 상대로 비장의 카드인	로봇, 브레이브 자이언트로 응전한다.	그러나 동제의 정신에 침입해 배반을 유도하는 적.	‘네 힘이 필요하다’는 말에 동제의 마음이 흔들리는데….	그 때, 두 사람 앞에 그 인물이 나타난다?!	무라타 유스케 작가의 일러스트를 소장하는 법,	오직 한국에서만 만날 수 있는	원펀맨 22권 특별한정판	입맛대로 고르자!	A/B 두 가지 버전의 한정판 BOX!!",
재혼황후 1,히어리,0.0점, 0,소설,,,"“이혼을 받아들이겠습니다.”나비에, 동대제국 황후 자리를 내놓다!-1~2권 동시 출간-동대제국 황후 나비에. 황제의 정부 때문에 이혼하다! 라스타는 그녀의 남편으론 모자라 모든 걸 빼앗으려는 걸까? 소비에슈의 사랑 때문에 나비에가 평생 일궈온 노력과 결실이 물거품 된 순간, 그녀에게 새로운 사랑이 찾아왔다. 이혼과 동시에 재혼! 동대제국 황후 자리를 내놓은 나비에, 그녀에게 무슨 일이 있었던 걸까?","국민이 내게 기대하는 건황제에게 사랑받는 황후가 아니야네이버웹툰 화제작 〈재혼 황후〉의 단행본 1, 2권이 동시 출간되었다. 완벽한 황후지만 황제의 정부 때문에 이혼하게 된 나비에. 그리고 그녀에게 찾아온 새로운 사랑 이야기를 담은 로맨스 판타지 〈재혼 황후〉는 원작인 동명의 웹소설 또한 선풍적인 인기를 끌었다.모든 걸 가진 황후가 노예 출신 정부로 인해 모두 잃게 될 상황에 빠진 이야기는 신데렐라 스토리에 지쳐있던 독자들에게 신선한 충격을 주었다. 온갖 고난과 역경을 겪은 여주인공이 신분, 재력, 외모를 갖춘 남주인공을 만나 해피엔딩을 맞이하는, 우리에게 익숙한 스토리의 주인공 역할은 황제의 정부인 라스타가 가깝다. 하지만 〈재혼 황후〉는 한 남자의 사랑이나 도움을 필요로 하지 않는 주체적인 여성 캐릭터를 등장시켰다. 소비에슈의 사랑보다는 대국의 완벽한 황후가 되는 것이 목표인 나비에. 소비에슈와 라스타로 인해 기분은 상하지만 휘둘리거나 감정적으로 대응하지 않고 황후의 역할에 충실했다. 로맨스물이지만 남성 캐릭터에 의존하지 않는, 주체적인 여성 캐릭터로 독자들의 시선을 사로잡았다.이혼과 동시에 재혼이라는 흥미로운 소재, 소비에슈와 라스타의 결말, 나비에와 하인리의 결혼생활에 대한 궁금증은 독자들에게 멈출 수 없는 재미를 선사한다. 평생을 황태자비로, 황후로 살아온 나비에가 어떤 선택과 행보를 보일지, 신데렐라 스토리를 벗어난 여성 캐릭터의 모습은 어떻게 표현될지 기대가 된다."
여신강림 1-2 세트 전2권,야옹이,0.0점, 0,만화,웹툰/카툰에세이,,"자타공인 여신 임주경같은 학교 남학생에게 비밀을 들키다!-『여신강림』 1, 2권 동시 출간-1권인형 같은 외모로 사람들의 시선을 사로잡는 그녀. SNS 스타에 인기 아이돌 멤버에게 다이렉트 메시지까지 받는 주경의 인기는 연예인 못지않다. 하지만 남부러울 것 없어 보이는 그녀에게도 말하지 못할 비밀이 하나 있는데...!누구에게도 말 못할 그녀의 비밀을 아는 유일한 남자 이수호! 그는 어떻게 주경의 비밀을 알게 된 걸까? 여신의 삶이 시작된 주경의 고등학교 시절로 돌아가 보자. 2권수호와 주경은 공통 관심사를 통해 좀 더 가까워진다. 함께 하는 시간이 많아지면서 둘은 자연스레 호감이 쌓이기 시작한다. 수호는 주경에게 남자친구가 있냐고 슬쩍 물어보기까지 하는데...! 주경에게도 드디어 남자친구가 생기는 걸까?한편, 새로운 인물 한서준이 등장했다. 서준과도 민낯으로 마주친 적이 있던 주경은 혹여나 자신을 알아보지 않을까 노심초사한다. 과연 주경은 서준에게 자신의 비밀을 들키지 않을 수 있을까...?","‘화장하는 나 자신은 거짓인 사람인가’우린 외모 지상주의에서 자유로울 수 없는 걸까?여신으로 살면 어떤 기분일까? 네이버웹툰 〈여신강림〉은 외모 콤플렉스가 있던 주경이 자타공인 여신으로 거듭난 이야기를 담고 있다. 중학교 때 찐따로 놀림 받고, 좋아하는 급식실 오빠가 얼짱 친구와 사귀는 모습을 보면서 자신의 외모에 불만을 갖기 시작한 주경. 그녀에게 화장은 단순한 외모의 변화가 아닌 자존감을 높여주는 무기다.화장 전후에 따라 사람들이 자신을 대하는 태도가 달라지는 걸 경험한 주경이 ‘예쁜 여학생’ 타이틀을 지키기 위해 고군분투하는 것은 당연하다. 자신의 민낯이 밝혀지면 다시 중학교 시절로 돌아갈지도 모른다는 두려움이 가득하다. 이런 주경에게 수호는 언제 터질지 모르는 시한폭탄과 같은 존재. 그녀의 민낯을 아는 유일한 사람으로 주경에겐 요주 인물이다. 하지만 그녀의 걱정과 달리 수호는 주경을 외모로 평가하지 않고 공통의 관심사를 통해 점차 가까워지게 된다. 작가는 수호라는 캐릭터를 통해 외모 지상주의를 깨트리려 한다. 가족을 제외하고 유일하게 주경의 민낯을 알고 있지만 전혀 신경 쓰지 않는 수호. 외모 콤플렉스를 가진 주경이 그 틀을 깨고 나올 수 있게 도와주는 역할을 해줄 것으로 기대된다.외모 콤플렉스 극복의 방법으로 화장을 선택한 주경. 덕분에 더 이상 찐따로 놀림 받거나 수군거림을 듣는 일없이 평범한 일상을 살아갈 수 있다. 타인의 외모를 함부로 비난하고 품평까지 하는 곳에서 무시, 소외당하지 않기 위해 두꺼운 화장을 하고, 민낯을 들킬까봐 살얼음판을 걷는 기분으로 살아가는 주경의 심정을 우린 충분히 이해하고 있다. 화장을 통해 외적인 자신감은 채웠지만 내면까진 채우지 못한 주경. 마치 나의 모습을 보는 듯해서 더욱 애착이 가는 그녀가 자존감을 단단하게 쌓아 올려가는 모습을 보고 싶다. 그리고 그 역할을 도와줄 캐릭터인 수호의 역할 또한 기대된다.‘외모 차별에 있어서 누가 가해자이며 누가 피해자인 걸까’라는 주경의 독백처럼 작가는 대다수가 외모 지상주의를 비판하지만 그것에서 완전히 벗어나긴 힘든 아이러니함을 꼬집고 있다. 타인의 외모를 쉽게 평가하는 사람들, 그런 분위기를 조장한 사회, 겉모습에 집착하여 스스로를 괴롭히는 사람들 모두 가해자인 동시에 피해자이다. 야옹이 작가가 〈여신강림〉을 통해 이런 외모 지상주의를 어떻게 표현하고 해석해나갈지 기대된다."
불의 검 12/완결 신장판,김혜련,0.0점, 0,만화,교양만화,,데뷔부터 지금까지 꾸준히 한국 순정 만화 팬들의 사랑을 받고 있는 김혜린 작가의 대표작 <불의 검>의 신장판. 부족 국가의 시대로 끝없는 전쟁과 그 속에서 고뇌하고 사랑하는 이들에 대한 이야기이다. 여리지만 순수한 강함을 지닌 아라와 기억을 잃고 아라의 곁에 찾아온 청년 산마로. 힘을 잃은 민족의 한을 가슴 속에 품고 하루하루를 살아가던 그들에게 운명은 다시금 소용돌이 치는데….,
도쿄 바빌론 3/완결,클램프,0.0점, 1,만화,SF/판타지,,,
지박소년 하나코 군 6,아이다이로 글그림,0.0점, 0,만화,SF/판타지,,"일본 현지 시리즈 누계 발행부수 190만부 돌파!2020년 1월 일본 현지 애니메이션 방영작!7대 불가사의 중 “시계지기”의폭주로 인해 카모메 학교의 학생들이전부 쭈글쭈글하게 늙어버렸다?!학교의 평화를 되찾기 위해하나코 군은 한 인물과 손을 잡는다.이렇게 사건이 해결되는가 싶던 그때,하나코 군의 조수 네네의 비밀이 밝혀진다.과연 밝혀지는 진실은 무엇인가…?!학교 7대 불가사의 괴이담,충격의 제 6권!",
"슬램덩크 18 북산 vs. 산왕공고3,신장재편판",이노우에 다케히코,0.0점, 0,만화,스포츠만화,,일본 누계 판매 부수 1억 2000만 부를 돌파한 베스트셀러90년대 레전드 농구 만화 《 슬램덩크 》가 돌아오다!90년대는 그야말로 ‘농구’의 시대였다. 당시의 중고등학생들은 유명한 NBA선수들만 뿐만 아니라 대학농구에서 활약하는 선수들의 이름을 외우고 다녔으며 거리에는 농구 드라마 ‘마지막 승부’의 주제곡이 흘러나왔다. 이렇게 한국뿐만 아니라 90년대에는 중국과 일본까지 동북아시아에는 농구의 인기가 치솟았다. 이 현상에 한 몫을 한 것이 바로 이노우에 타케히코의 《슬램덩크》라는 작품이다.,
귀멸의 칼날 8,고토게 코요하루,0.0점, 0,만화,SF/판타지,,도깨비들에게 가족을 잃고 도깨비로 변모한 누이동생을 인간으로 되돌리기 위한 모험이 시작된다.혈풍검극 모험담 개막!,
쌍망정은 부숴야 한다 10,후지타 카즈히로 지음,0.0점, 0,만화,SF/판타지,,"시시각각 다가오는 파멸의 순간….서둘러라, 사카마키 데이도에게로!!  「쌍망정」의 주인 사카마키 데이도가 「그림」을 완성할 때, 침략자의 대군이 밀려들어온다…. 충격적인 진실을 알게 된 영체 타코하는 필사적으로 위기를 호소한다. 한편, 세이이치를 덮치는 사상 최대의 위기! 어린 소년의 마음은 절망에 사로잡히는데?! 파멸의 시각이 다가오는 가운데 사정없이 덮치는 저택의 악의. 결사의 각오를 품고 다시 모여라, 파괴자들이여…!!",
원펀맨(One Punch Man). 22(특별한정판 B박스) 빛,ONE (원작),0.0점, 1,만화,SF/판타지,,"히어로 VS 괴인협회, 본격적인 싸움이 시작된다!!동제는 전생 피닉스 사나이를 상대로 비장의 카드인	로봇, 브레이브 자이언트로 응전한다.	그러나 동제의 정신에 침입해 배반을 유도하는 적.	‘네 힘이 필요하다’는 말에 동제의 마음이 흔들리는데….	그 때, 두 사람 앞에 그 인물이 나타난다?!	무라타 유스케 작가의 일러스트를 소장하는 법,	오직 한국에서만 만날 수 있는	원펀맨 22권 특별한정판	입맛대로 고르자!	A/B 두 가지 버전의 한정판 BOX!!",
아케비의 세일러복 7,히로 지음,0.0점, 0,만화,순정만화,,"★""아케비의 세일러복"" 아크릴 스탠드 한정판 동시 발매!!“미소”도 “눈물”도평생의 추억──.시골의 명문 여자 중학교에 다니는 세일러복 소녀,아케비 코미치가 “처음” 떠난 도쿄 여행 둘째 날!계속 함께이기 때문에,슬픔, 기쁨, 즐거움…여러 감정으로 가득합니다♪빛나는 태양, 불꽃놀이, 풀장,친구들과 함께 보내는 최고의 여름방학!추억으로 가득한 제7권♪초판한정 일러스트 카드 증정!!",
주술회전 4,Gege Akutami,0.0점, 2,만화,SF/판타지,,"최악의 저주,마히토와의 정면 승부!!저주에 의한 살인사건을 쫓던 이타도리는현장에 있던 준페이와 만나 의기투합한다.그런데 정작 준페이는 사건의 범인인 주령, 마히토에게 심취해 있었다.마히토는 그런 준페이를 이용해이타도리와 싸움을 붙이려 획책하고, 준페이는 그 술수에 넘어가는데….",
주술회전 5 교토 자매 학교 교류회,Gege Akutami,0.0점, 1,만화,SF/판타지,,"교토 자매 학교 교류전, 개막!더욱 치열한 주술 배틀이 펼쳐지는 제5권 발행드디어 교토 자매 학교 교류회가 시작됐다. 첫날 시작된 단체전은 구획 안에 풀려 있는2급 주령을 먼저 퇴치하는 쪽이 승리하는 것이었다.호전적인 토도는 즉각 도쿄 팀을 습격, 이타도리가 그를 상대하게 된다. 그러나 이타도리를 암살하기 위해다른 교토교의 팀원도 참전하며, 이타도리는 궁지에 처하게 되는데!",
주술회전 6 흑섬,Gege Akutami,0.0점, 1,만화,SF/판타지,,"교류회를 틈타 이타도리를 공격하는 교토교 팀.그런 상황에 마히토가 이끄는주령과 주저사들이 난입한다.학생들을 구출하러 교사들이 출동하지만,적의 ‘장막’에 의해 전력이 나뉘고 마는데…?!특급 주령인 하나미에게 공격당한 이누마키와 후시구로는과연 위기에서 벗어날 수 있을 것인가?!",
도쿄 바빌론 2,클램프,0.0점, 1,만화,SF/판타지,,"짙어져가는 도쿄의 어둠을 밝히는 젊은 음양사의 싸움!너무 여린 나머지 상처에 아파하면서도 사건을 해결하려하는 스바루. 그런 스바루를 지지해주는 세이시로의 다른 얼굴이, 서서히 밝혀지는데….",
지박소년 하나코 군 7,아이다이로,0.0점, 0,만화,SF/판타지,,"갑자기 거울 속으로 끌려가게 된 하나코 군의 조수 네네. 거울 속에서 만나게 된 것은 「미츠바」라는 이름의 유령 소년이었다. 그와 함께 거울에서 벗어나려 애쓰지만 “7대 불가사의 중 세 번째 거울 지옥”의 위협을 받게 되는데…. 위기에 처한 두 사람을 구해준 것은…?! 학원 7대 불가사의 괴이담, 결의의 제7권!",
지박소년 하나코 군 9,아이다이로,0.0점, 0,만화,SF/판타지,,"일본 현지 시리즈 누계 발행부수 190만부 돌파!2020년 1월 일본 현지 애니메이션 방영작!그날, 네네는 평소와 똑같이 등교해보니하나코가 같은 반 친구로서 존재하고 있었다.위화감을 품고 있는 것은 네네뿐.하나코는 분명 유령인데….진상을 확인하기 위해 향한 곳은 수수께끼의 탑!학원 7대 불가사의 괴담, 진실과 허구의 제9권!",
지박소년 하나코 군 10,아이다이로,0.0점, 0,만화,SF/판타지,,"일본 현지 시리즈 누계 발행부수 190만부 돌파!2020년 1월 일본 현지 애니메이션 방영작!진짜 세계로 돌아가기 위해선「유기 아마네」와 「미츠바 소스케」를 죽여야만 한다.거짓된 세계에서 탈출하기 위해네네는 「하나코」에게 어떠한 제안을 한다.한편 코우는 「미츠바」를 설득하고자 하는데…?!학원 7대 불가사의 괴이담,갈망의 제10권!",
"슬램덩크 3 신장재편판,첫 시합 능남전1",이노우에 타케히코,0.0점, 1,만화,스포츠만화,,일본 누계 판매 부수 1억 2000만 부를 돌파한 베스트셀러90년대 레전드 농구 만화 《 슬램덩크 》가 돌아오다!90년대는 그야말로 ‘농구’의 시대였다. 당시의 중고등학생들은 유명한 NBA선수들만 뿐만 아니라 대학농구에서 활약하는 선수들의 이름을 외우고 다녔으며 거리에는 농구 드라마 ‘마지막 승부’의 주제곡이 흘러나왔다. 이렇게 한국뿐만 아니라 90년대에는 중국과 일본까지 동북아시아에는 농구의 인기가 치솟았다. 이 현상에 한 몫을 한 것이 바로 이노우에 타케히코의 《슬램덩크》라는 작품이다.,"‘슬램덩크’, 아직도 기억나는 그 이름 《슬램덩크》가 완결된지도 벌써 20년이 넘는 시간이 흘렀다. 하지만 우리는 지금도 ‘강백호’, ‘서태웅’, ‘정대만’ 등의 이름을 들으면 가슴이 두근거린다. 그 때를 떠올리기만 해도 가슴이 뛸 만큼 당시 《슬램덩크》의 인기는 대단했다. 만화작품인데도 불구하고 남녀노소 가리지 않고 ‘강백호’라는 이름을 모르는 사람이 없었다. 대학농구에서는 뛰어난 선수가 나타나면 00대학의 ‘정대만’, 00대학의 ‘서태웅’ 같은 별명이 붙었다. 작가 이노우에 타케히코가 작품 속에서 만들어낸 《슬램덩크》의 캐릭터들은 드라마틱한 설정을 갖고 있었다. 단순히 주인공인 ‘강백호’뿐만 아니라 ‘정대만’, ‘송태섭’, ‘채치수’ 등 다른 멤버들의 이름까지도 기억 속에 선명하다. 개성적이고 뚜렷한 인물의 성격뿐만 아니라 멤버 하나하나를 그려낸 세밀한 이야기가 《슬램덩크》를 더욱 매력적이게 한 요소일 것이다.20여년 만에 새롭게 돌아온 《슬램덩크 신장재편판》“녀석들이 보고 싶어 새로 그리고 있습니다.”이노우에 타케히코 작가의 SNS에 올라온 한 장의 그림은 《슬램덩크》팬들을 열광하게 했다. 주인공 ‘강백호’의 스케치 일러스트와 함께 손글씨로 쓰여진 그의 말이 있었기 때문이다. 곧 이어 《슬램덩크 신장재편판》의 소식이 들렸다. 올해 한국에서도 출간되는 《슬램덩크 신장재편판》의 표지는 모두 이노우에 타케히코가 새로 작업한 컬러 일러스트로 만들어졌다. 기존 오리지널판이 31권인데 비해 신장재편판은 20권으로 새롭게 구성되었다. 그리고 그 각각의 표지가 ‘강백호’, ‘서태웅’, ‘정대만’ 등 그리운 얼굴들이 이노우에 타케히코의 아름다운 일러스트로 장식되어있다. 단행본 각권마다의 소제목도 변경된다. ‘첫 시합 능남전’, ‘북산 문제아 집단’ 등 권마다 주제를 한 눈에 알아볼 수 있는 간결하면서도 정확한 제목들로 이루어졌다. 신장재편판 1권 [강백호]에서는 농구에 대해서는 하나도 모르던 북산고 문제아 ‘강백호’가 농구부에 입문하는 과정을 그려냈다. 2권 [풋내기 슛]은 농구부 입부 후 주인공 ‘강백호’가 지겨운 훈련 과정에도 불구하고 유도부의 입부 권유를 뿌리치는 등 팀에 적응해가는 과정을 엿볼 수 있다. 3권 [첫 시합 능남전 1]과 4권 [첫 시합 능남전 2]은 현 내 베스트4로 꼽히는 강호 능남고와 첫 대결을 그려내었다. 비록 연습시합에 불과하지만 ‘강백호’가 입부한 이후 처음으로 있는 경기이기에 북산고 팀으로서의 ‘강백호’의 첫 활약을 지켜볼 수 있다. 5권 [송태섭과 정대만]은 ‘강백호’와 ‘서태웅’ 외에 북산고 농구부의 또 하나의 앙숙인 ‘송태섭’과 ‘정대만’의 등장을 알린다. 부상당했던 ‘송태섭’이 팀에 복귀하면서 이야기는 시작된다. 6권 [북산 문제아 집단]에서는 북산고의 문제아로 전락했던 ‘정대만’이 과거를 버리고 농구부로 복귀하는 과정이 그려졌다. [슬램덩크 신장재편판]은 2018년 8월 중순 전 20권 중 1∼6권이 먼저 출간될 예정이다. 뒤를 이어 7∼10권(9월 출간 예정), 11∼14권, 15∼20권으로 총 네 번에 걸쳐 발행된다."
격기3반. 9 남일고등학교 격투기 특기반,이학,0.0점, 0,만화,,,기말시험 공부 기간을 틈타 마리아식 길거리 특훈(?)으로 나날이 실전경험과 함께 상처도 늘어가는 주지태. 그런 주지태의 변화하는 모습을 지은은 걱정된 눈빛으로 지켜본다. 그러던 어느 날 특훈의 상대로 지목된 한 무리와 실전을 치르던 주지태는 뒤늦게 그등를 도우러 나타난 인물과 마주하는데…?!,
주술회전 3,Gege Akutami,0.0점, 2,만화,SF/판타지,,"주물과의 본격적인 싸움 시작!매력적인 신 캐릭터가 등장하는 3권 발행!후시구로와 쿠기사키 앞에 나타난 주술고전 교토쿄의 토도 아오이와 젠인 마이!좋아하는 여성 타입을 물어보는 토도에게 후시구로가 던진 대답은?한편, 주련 중인 이타도리는 실전에서 단련하기 위해주령이 사건을 일으킨 현장으로 향하는데…?!",
"주술회전 0 도쿄 도립 주술 고등전문학교,외전,눈부신 어둠",Gege Akutami,0.0점, 2,만화,SF/판타지,,"주술회전 시리즈의 시작을 알리는 전일담 발행!저주와의 운명적인 대결이 펼쳐진다!자신이 사형되길 원하는 고등학생 옷코츠 유타. 그는 자신에게 씌인 원령, 리카 때문에 괴로워하고 있었다.그러던 어느 날, ‘저주’를 퇴치하는 법을 배우는 학교인‘도쿄 도립 주술 고등전문학교’의 교사 고죠 사토루가 옷코츠를 주술고전으로 전학시키는데…?!'주술회전'으로 연결되는 전일담, 개막!!",
던전밥 9 S 코믹스,쿠이 료코 지음,0.0점, 0,만화,SF/판타지,,[줄거리]최강의 엘프와 미궁 먹방 투어!!미궁 바닥에 떨어진 엘프 부대 대장 미스룬. 이제는 그도 살아남기 위해 마물을 먹어야만 한다……. 마침내 밝혀지는 미스룬의 과거는?!또한 라이오스 일행에게 서큐버스가 등장!과연 유혹을 뿌리칠 수 있을 것인가!!,
"괴롭히지 말아요, 나가토로 양 8 S 코믹스",나나시 지음,0.0점, 0,만화,순정만화,,"[작품 소개 및 줄거리][TV 애니메이션화 결정!]최강 S데레 미소녀 러브코미디 제8권!우연히 듣게 된 여자애들 이야기에서 나가토로 양이 좋아하는 남자 취향이 판명?!게다가, 감기 문병으로 방문한 나가토로네 집에서는,잠옷 차림의 나가토로 양과 나가토로 양의 언니 등장으로 대소동!!두 사람만 남은 방에서는 드디어, 궁금했던 나가토로 양의 ‘이름’에 다가가는데….나가토로 양의 비밀이 하나둘 밝혀지는 8권, 드디어 발매!",
어느 날 공주가 되어버렸다 4,스푼,0.0점, 0,만화,순정만화,,갑작스럽게 찾아온 또 한 번의 마력 폭주!가슴에 큰 구멍이 뚫린 것처럼 허전하다. 소중히 여겼던 무언가를 잃어버린 것 같아.“폐하께서는 열흘 전 쓰러지신 뒤 아직 깨어나지 못하셨습니다.폭주한 공주님의 마력을 도무지 진정시킬 방법이 없어 폐하께서…….”그게 무슨 말도 안 되는 소리야?나를 살리려고 아빠가 목숨을 걸었다니.마침내 눈을 뜬 아빠는……“너는 누구냐.”나를 기억하지 못했다.,"비운의 공주 아타나시아의 황궁 생존기가 만화로 재탄생!스푼 작가의 싱크로율 120% 작화와 만나 즐거움을 더한 『어느 날 공주가 되어버렸다』!천애 고아로 박복한 삶을 살던 주인공은 어느 날 눈을 떠보니, 소설 '사랑스러운 공주님'의 아나타시아 공주로 깨어난다. 금수저를 물고 태어난 건 좋았는데, 하필 황제인 아버지에게 죽임을 당하는 비운의 공주임을 깨닫고 절망한다. 그녀는 죽임을 당하기 전 일찌감치 황성을 탈출할 계획을 짠다.그러나 5살이 된 어느 날, 의도치 않게 황제 클로드의 눈에 띄고 마는데…….아슬아슬한 상황 속에서 지혜롭게 역경을 헤쳐 나가는 아타나시아.그런 아타나시아를 바라보는, 피도 눈물도 없는 냉혈한 황제 클로드의 진심은 과연?"
지박소년 하나코 군 1,아이다이로,0.0점, 0,만화,SF/판타지,,카모메 학원에 전해 내려오는 ‘7대 불가사의'의 소문.구 교사 3층 여자 화장실 세 번째 칸에는 '하나코 양'이 있고불러낸 자의 소원을 무엇이든 이루어 준다고 한다.자신의 소원을 이루기 위해야시로 네네는 학교 괴담에 몸을 맡기는데...학교 7대 불가사의 '하나코 군'과오컬트 소녀가 펼치는하트풀 화장실 코미디 제 1권!,일본 현지 시리즈 누계 발행부수 190만부 돌파!2020년 1월 일본 현지 애니메이션 방영작!
"슬램덩크 1 신장재편판,강백호",이노우에 타케히코,0.0점, 7,만화,스포츠만화,,일본 누계 판매 부수 1억 2000만 부를 돌파한 베스트셀러90년대 레전드 농구 만화 《 슬램덩크 》가 돌아오다!90년대는 그야말로 ‘농구’의 시대였다. 당시의 중고등학생들은 유명한 NBA선수들만 뿐만 아니라 대학농구에서 활약하는 선수들의 이름을 외우고 다녔으며 거리에는 농구 드라마 ‘마지막 승부’의 주제곡이 흘러나왔다. 이렇게 한국뿐만 아니라 90년대에는 중국과 일본까지 동북아시아에는 농구의 인기가 치솟았다. 이 현상에 한 몫을 한 것이 바로 이노우에 타케히코의 《슬램덩크》라는 작품이다.,"일본 누계 판매 부수 1억 2000만 부를 돌파한 베스트셀러90년대 레전드 농구 만화 『 슬램덩크 』가 돌아오다!90년대는 그야말로 ‘농구’의 시대였다. 당시의 중고등학생들은 유명한 NBA선수들만 뿐만 아니라 대학농구에서 활약하는 선수들의 이름을 외우고 다녔으며 거리에는 농구 드라마 ‘마지막 승부’의 주제곡이 흘러나왔다. 이렇게 한국뿐만 아니라 90년대에는 중국과 일본까지 동북아시아에는 농구의 인기가 치솟았다. 이 현상에 한 몫을 한 것이 바로 이노우에 타케히코의 『슬램덩크』라는 작품이다. ‘슬램덩크’, 아직도 기억나는 그 이름 『슬램덩크』가 완결된지도 벌써 20년이 넘는 시간이 흘렀다. 하지만 우리는 지금도 ‘강백호’, ‘서태웅’, ‘정대만’ 등의 이름을 들으면 가슴이 두근거린다. 그 때를 떠올리기만 해도 가슴이 뛸 만큼 당시 『슬램덩크』의 인기는 대단했다. 만화작품인데도 불구하고 남녀노소 가리지 않고 ‘강백호’라는 이름을 모르는 사람이 없었다. 대학농구에서는 뛰어난 선수가 나타나면 00대학의 ‘정대만’, 00대학의 ‘서태웅’ 같은 별명이 붙었다. 작가 이노우에 타케히코가 작품 속에서 만들어낸 『슬램덩크』의 캐릭터들은 드라마틱한 설정을 갖고 있었다. 단순히 주인공인 ‘강백호’뿐만 아니라 ‘정대만’, ‘송태섭’, ‘채치수’ 등 다른 멤버들의 이름까지도 기억 속에 선명하다. 개성적이고 뚜렷한 인물의 성격뿐만 아니라 멤버 하나하나를 그려낸 세밀한 이야기가 『슬램덩크』를 더욱 매력적이게 한 요소일 것이다.20여년 만에 새롭게 돌아온 『슬램덩크 신장재편판』“녀석들이 보고 싶어 새로 그리고 있습니다.”이노우에 타케히코 작가의 SNS에 올라온 한 장의 그림은 『슬램덩크』팬들을 열광하게 했다. 주인공 ‘강백호’의 스케치 일러스트와 함께 손글씨로 쓰여진 그의 말이 있었기 때문이다. 곧 이어 『슬램덩크 신장재편판』의 소식이 들렸다. 올해 한국에서도 출간되는 『슬램덩크 신장재편판』의 표지는 모두 이노우에 타케히코가 새로 작업한 컬러 일러스트로 만들어졌다. 기존 오리지널판이 31권인데 비해 신장재편판은 20권으로 새롭게 구성되었다. 그리고 그 각각의 표지가 ‘강백호’, ‘서태웅’, ‘정대만’ 등 그리운 얼굴들이 이노우에 타케히코의 아름다운 일러스트로 장식되어있다. 단행본 각권마다의 소제목도 변경된다. ‘첫 시합 능남전’, ‘북산 문제아 집단’ 등 권마다 주제를 한 눈에 알아볼 수 있는 간결하면서도 정확한 제목들로 이루어졌다. 신장재편판 1권 <강백호>에서는 농구에 대해서는 하나도 모르던 북산고 문제아 ‘강백호’가 농구부에 입문하는 과정을 그려냈다. 2권 <풋내기 슛>은 농구부 입부 후 주인공 ‘강백호’가 지겨운 훈련 과정에도 불구하고 유도부의 입부 권유를 뿌리치는 등 팀에 적응해가는 과정을 엿볼 수 있다. 3권 <첫 시합 능남전 1>과 4권 <첫 시합 능남전 2>은 현 내 베스트4로 꼽히는 강호 능남고와 첫 대결을 그려내었다. 비록 연습시합에 불과하지만 ‘강백호’가 입부한 이후 처음으로 있는 경기이기에 북산고 팀으로서의 ‘강백호’의 첫 활약을 지켜볼 수 있다. 5권 <송태섭과 정대만>은 ‘강백호’와 ‘서태웅’ 외에 북산고 농구부의 또 하나의 앙숙인 ‘송태섭’과 ‘정대만’의 등장을 알린다. 부상당했던 ‘송태섭’이 팀에 복귀하면서 이야기는 시작된다. 6권 <북산 문제아 집단>에서는 북산고의 문제아로 전락했던 ‘정대만’이 과거를 버리고 농구부로 복귀하는 과정이 그려졌다. <슬램덩크 신장재편판>은 2018년 8월 중순 전 20권 중 1∼6권이 먼저 출간될 예정이다. 뒤를 이어 7∼10권(9월 출간 예정), 11∼14권, 15∼20권으로 총 네 번에 걸쳐 발행된다."
"슬램덩크 2 신장재편판,서민 슛",이노우에 타케히코,0.0점, 1,만화,스포츠만화,,일본 누계 판매 부수 1억 2000만 부를 돌파한 베스트셀러90년대 레전드 농구 만화 《 슬램덩크 》가 돌아오다!90년대는 그야말로 ‘농구’의 시대였다. 당시의 중고등학생들은 유명한 NBA선수들만 뿐만 아니라 대학농구에서 활약하는 선수들의 이름을 외우고 다녔으며 거리에는 농구 드라마 ‘마지막 승부’의 주제곡이 흘러나왔다. 이렇게 한국뿐만 아니라 90년대에는 중국과 일본까지 동북아시아에는 농구의 인기가 치솟았다. 이 현상에 한 몫을 한 것이 바로 이노우에 타케히코의 《슬램덩크》라는 작품이다.,"‘슬램덩크’, 아직도 기억나는 그 이름 《슬램덩크》가 완결된지도 벌써 20년이 넘는 시간이 흘렀다. 하지만 우리는 지금도 ‘강백호’, ‘서태웅’, ‘정대만’ 등의 이름을 들으면 가슴이 두근거린다. 그 때를 떠올리기만 해도 가슴이 뛸 만큼 당시 《슬램덩크》의 인기는 대단했다. 만화작품인데도 불구하고 남녀노소 가리지 않고 ‘강백호’라는 이름을 모르는 사람이 없었다. 대학농구에서는 뛰어난 선수가 나타나면 00대학의 ‘정대만’, 00대학의 ‘서태웅’ 같은 별명이 붙었다. 작가 이노우에 타케히코가 작품 속에서 만들어낸 《슬램덩크》의 캐릭터들은 드라마틱한 설정을 갖고 있었다. 단순히 주인공인 ‘강백호’뿐만 아니라 ‘정대만’, ‘송태섭’, ‘채치수’ 등 다른 멤버들의 이름까지도 기억 속에 선명하다. 개성적이고 뚜렷한 인물의 성격뿐만 아니라 멤버 하나하나를 그려낸 세밀한 이야기가 《슬램덩크》를 더욱 매력적이게 한 요소일 것이다.20여년 만에 새롭게 돌아온 《슬램덩크 신장재편판》“녀석들이 보고 싶어 새로 그리고 있습니다.”이노우에 타케히코 작가의 SNS에 올라온 한 장의 그림은 《슬램덩크》팬들을 열광하게 했다. 주인공 ‘강백호’의 스케치 일러스트와 함께 손글씨로 쓰여진 그의 말이 있었기 때문이다. 곧 이어 《슬램덩크 신장재편판》의 소식이 들렸다. 올해 한국에서도 출간되는 《슬램덩크 신장재편판》의 표지는 모두 이노우에 타케히코가 새로 작업한 컬러 일러스트로 만들어졌다. 기존 오리지널판이 31권인데 비해 신장재편판은 20권으로 새롭게 구성되었다. 그리고 그 각각의 표지가 ‘강백호’, ‘서태웅’, ‘정대만’ 등 그리운 얼굴들이 이노우에 타케히코의 아름다운 일러스트로 장식되어있다. 단행본 각권마다의 소제목도 변경된다. ‘첫 시합 능남전’, ‘북산 문제아 집단’ 등 권마다 주제를 한 눈에 알아볼 수 있는 간결하면서도 정확한 제목들로 이루어졌다. 신장재편판 1권 [강백호]에서는 농구에 대해서는 하나도 모르던 북산고 문제아 ‘강백호’가 농구부에 입문하는 과정을 그려냈다. 2권 [풋내기 슛]은 농구부 입부 후 주인공 ‘강백호’가 지겨운 훈련 과정에도 불구하고 유도부의 입부 권유를 뿌리치는 등 팀에 적응해가는 과정을 엿볼 수 있다. 3권 [첫 시합 능남전 1]과 4권 [첫 시합 능남전 2]은 현 내 베스트4로 꼽히는 강호 능남고와 첫 대결을 그려내었다. 비록 연습시합에 불과하지만 ‘강백호’가 입부한 이후 처음으로 있는 경기이기에 북산고 팀으로서의 ‘강백호’의 첫 활약을 지켜볼 수 있다. 5권 [송태섭과 정대만]은 ‘강백호’와 ‘서태웅’ 외에 북산고 농구부의 또 하나의 앙숙인 ‘송태섭’과 ‘정대만’의 등장을 알린다. 부상당했던 ‘송태섭’이 팀에 복귀하면서 이야기는 시작된다. 6권 [북산 문제아 집단]에서는 북산고의 문제아로 전락했던 ‘정대만’이 과거를 버리고 농구부로 복귀하는 과정이 그려졌다. [슬램덩크 신장재편판]은 2018년 8월 중순 전 20권 중 1∼6권이 먼저 출간될 예정이다. 뒤를 이어 7∼10권(9월 출간 예정), 11∼14권, 15∼20권으로 총 네 번에 걸쳐 발행된다."
"슬램덩크 6 신장재편판,북산 문제아 군단",이노우에 타케히코,0.0점, 2,만화,스포츠만화,,일본 누계 판매 부수 1억 2000만 부를 돌파한 베스트셀러90년대 레전드 농구 만화 《 슬램덩크 》가 돌아오다!90년대는 그야말로 ‘농구’의 시대였다. 당시의 중고등학생들은 유명한 NBA선수들만 뿐만 아니라 대학농구에서 활약하는 선수들의 이름을 외우고 다녔으며 거리에는 농구 드라마 ‘마지막 승부’의 주제곡이 흘러나왔다. 이렇게 한국뿐만 아니라 90년대에는 중국과 일본까지 동북아시아에는 농구의 인기가 치솟았다. 이 현상에 한 몫을 한 것이 바로 이노우에 타케히코의 《슬램덩크》라는 작품이다.,"‘슬램덩크’, 아직도 기억나는 그 이름 《슬램덩크》가 완결된지도 벌써 20년이 넘는 시간이 흘렀다. 하지만 우리는 지금도 ‘강백호’, ‘서태웅’, ‘정대만’ 등의 이름을 들으면 가슴이 두근거린다. 그 때를 떠올리기만 해도 가슴이 뛸 만큼 당시 《슬램덩크》의 인기는 대단했다. 만화작품인데도 불구하고 남녀노소 가리지 않고 ‘강백호’라는 이름을 모르는 사람이 없었다. 대학농구에서는 뛰어난 선수가 나타나면 00대학의 ‘정대만’, 00대학의 ‘서태웅’ 같은 별명이 붙었다. 작가 이노우에 타케히코가 작품 속에서 만들어낸 《슬램덩크》의 캐릭터들은 드라마틱한 설정을 갖고 있었다. 단순히 주인공인 ‘강백호’뿐만 아니라 ‘정대만’, ‘송태섭’, ‘채치수’ 등 다른 멤버들의 이름까지도 기억 속에 선명하다. 개성적이고 뚜렷한 인물의 성격뿐만 아니라 멤버 하나하나를 그려낸 세밀한 이야기가 《슬램덩크》를 더욱 매력적이게 한 요소일 것이다.20여년 만에 새롭게 돌아온 《슬램덩크 신장재편판》“녀석들이 보고 싶어 새로 그리고 있습니다.”이노우에 타케히코 작가의 SNS에 올라온 한 장의 그림은 《슬램덩크》팬들을 열광하게 했다. 주인공 ‘강백호’의 스케치 일러스트와 함께 손글씨로 쓰여진 그의 말이 있었기 때문이다. 곧 이어 《슬램덩크 신장재편판》의 소식이 들렸다. 올해 한국에서도 출간되는 《슬램덩크 신장재편판》의 표지는 모두 이노우에 타케히코가 새로 작업한 컬러 일러스트로 만들어졌다. 기존 오리지널판이 31권인데 비해 신장재편판은 20권으로 새롭게 구성되었다. 그리고 그 각각의 표지가 ‘강백호’, ‘서태웅’, ‘정대만’ 등 그리운 얼굴들이 이노우에 타케히코의 아름다운 일러스트로 장식되어있다. 단행본 각권마다의 소제목도 변경된다. ‘첫 시합 능남전’, ‘북산 문제아 집단’ 등 권마다 주제를 한 눈에 알아볼 수 있는 간결하면서도 정확한 제목들로 이루어졌다. 신장재편판 1권 [강백호]에서는 농구에 대해서는 하나도 모르던 북산고 문제아 ‘강백호’가 농구부에 입문하는 과정을 그려냈다. 2권 [풋내기 슛]은 농구부 입부 후 주인공 ‘강백호’가 지겨운 훈련 과정에도 불구하고 유도부의 입부 권유를 뿌리치는 등 팀에 적응해가는 과정을 엿볼 수 있다. 3권 [첫 시합 능남전 1]과 4권 [첫 시합 능남전 2]은 현 내 베스트4로 꼽히는 강호 능남고와 첫 대결을 그려내었다. 비록 연습시합에 불과하지만 ‘강백호’가 입부한 이후 처음으로 있는 경기이기에 북산고 팀으로서의 ‘강백호’의 첫 활약을 지켜볼 수 있다. 5권 [송태섭과 정대만]은 ‘강백호’와 ‘서태웅’ 외에 북산고 농구부의 또 하나의 앙숙인 ‘송태섭’과 ‘정대만’의 등장을 알린다. 부상당했던 ‘송태섭’이 팀에 복귀하면서 이야기는 시작된다. 6권 [북산 문제아 집단]에서는 북산고의 문제아로 전락했던 ‘정대만’이 과거를 버리고 농구부로 복귀하는 과정이 그려졌다. [슬램덩크 신장재편판]은 2018년 8월 중순 전 20권 중 1∼6권이 먼저 출간될 예정이다. 뒤를 이어 7∼10권(9월 출간 예정), 11∼14권, 15∼20권으로 총 네 번에 걸쳐 발행된다."
귀멸의 칼날 10,고토게 코요하루,0.0점, 0,만화,SF/판타지,,"유곽 하나마치를 지배하고 있던 오이란 도깨비 다키!힘을 분산시켜 놨던 오비(허리끈)와 한 몸이 되며 더욱 커진 힘으로, 다키는 탄지로를 공격한다!!탄지로는 히노카미 카구라로 응전하지만 한계를 뛰어넘어?!탄지로 대신 네즈코와 우즈이가 대치하는데, 상현 도깨비인 다키와의 싸움은 뜻밖의 전개를 보이고?!",
귀멸의 칼날 2,고토게 코요하루,0.0점, 0,만화,SF/판타지,,"고토게 코요하루의 『귀멸의 칼날』 제2권. 귀살대 입대 최종 선별에서 이형의 도깨비와 대치한 탄지로는 스승 우로코다키로부터 배운 기술로 맞선다! 과연 선발을 돌파할 것인가?! 그리고, 우로코다키 곁으로 돌아온 탄지로는 깨어난 네즈코와 함께 매일 밤 소녀가 사라진다는 마을로 향하는데…?!",
귀멸의 칼날 5,고토게 코요하루,0.0점, 0,만화,SF/판타지,,"고토게 코요하루의 『귀멸의 칼날』. 첫 연재작으로 엄청난 화제를 몰고 있는 [귀멸의 칼날]이 드디어 정식 발매된다. 네티즌들 사이에서 화제를 모으고 있는 작품으로 아기자기하고 귀여운 캐릭터와 상반되는 잔혹한 스토리가 매력적이다. 도깨비들에게 가족을 잃고, 도깨비로 변모한 누이동생을 인간으로 되돌리기 위해 모험을 떠나는 남주인공은 고전적이지만 정직하고 정의로운 성격으로 인기를 끌고 있다. 주인공의 성장과 모험, 우정 등 여러 가지면에서 모범적인 소년 만화로 큰 인기를 모을 것으로 기대된다.",
귀멸의 칼날 6,고토게 코요하루,0.0점, 0,만화,SF/판타지,,"고토게 코요하루의 『귀멸의 칼날』. 첫 연재작으로 엄청난 화제를 몰고 있는 [귀멸의 칼날]이 드디어 정식 발매된다. 네티즌들 사이에서 화제를 모으고 있는 작품으로 아기자기하고 귀여운 캐릭터와 상반되는 잔혹한 스토리가 매력적이다. 도깨비들에게 가족을 잃고, 도깨비로 변모한 누이동생을 인간으로 되돌리기 위해 모험을 떠나는 남주인공은 고전적이지만 정직하고 정의로운 성격으로 인기를 끌고 있다. 주인공의 성장과 모험, 우정 등 여러 가지면에서 모범적인 소년 만화로 큰 인기를 모을 것으로 기대된다.",
귀멸의 칼날 9,고토게 코요하루,0.0점, 0,만화,SF/판타지,,소년의 칼날이 귀신을 멸하리라!아기자기한 캐릭터와 상반된 잔혹 스릴러!도깨비들에게 가족을 잃고 도깨비로 변모한 누이동생을 인간으로 되돌리기 위한 모험이 시작된다.혈풍검극 모험담 개막!,
추락 여고생과 폐인 교사 7,소라 지음,0.0점, 0,만화,순정만화,,,
"원펀맨 21 일순,One Punch Man",ONE (원작),0.0점, 3,만화,,,"ONE의 액션 판타지 만화 [원펀맨]. 제21권. 취미로 영웅을 시작한 남자가 3년간의 특훈을 통해 무적의 힘을 손에 넣어 모든 적을 일격 원펀으로 이기는 영웅이 된다. 반짝이는 대머리에 맹한 얼굴, 다소 촌스러운 복장을 한 사이타마. 아무리 봐도 유약한 소시민처럼 보이지만 너무 강하다! 악당들을 너무 금방 쓰러트려버리는 바람에 아무도 그의 노고를 알아채지 못하는데?!",
아시즈리 수족관,panpanya,0.0점, 8,만화,,,PANPANYA의 초기작을 집대성한보석 같은 작품집──	 버려진 것／잊힌 것／너무 새로운 것	 2011년에 수작업으로 제작된	작품집 「ASOVACE」를 재구성하고	특수한 형태라 미처 수록되지 못한	「아시즈리 수족관」과	단편 기행문 등을 추가하여	현재의 PANPANYA에 이르기까지의 작품집.	 지나가버린 소비사회의 잔상과	치밀하면서도 중구난방으로 드러나는	하이콘트라스트 풍경이 낳는	기시감의 세계로 초대합니다.,
나의 히어로 아카데미아 공식 캐릭터북 Ultra Archive 1,호리코시 코헤이,0.0점, 0,만화,,,"초특급 기록장,울트라 아카이브 등장!!캐릭터북의 특별 사양!●호리코시 작가님의 새로운 단편만화 수록!!   TWITTER 공개 일러스트도 총망라!! ●애니메이션 캐릭터 디자인을 맡은    우마코시 요시히코 씨와의 대담 게재!! ●초레어 설정자료 첫 공개!! 연재 이전 자료도 다수!! ●‘스매시!!’ 네다 작가님의 단편 만화까지 수록!!커버를 벗기면 나타나는 빌런 VER. 뉴 일러스트 컬러 표지!! ■ 줄거리상세 데이터로 꽉 채운!!첫 공식 캐릭터북이 왔다!!「히로아카」에 대해선이 한 권으로 올마이트!!",
스파이더맨 : 크레이븐의 마지막 사냥 SPIDER-MAN: KRAVEN'S LAST HUNT,J.M. 디매티스,0.0점, 1,,,,"“스파이더맨의 역사에서 가장 본질적인 이야기.” - IGN.COM궁극의 복수극!이 세상에 못 잡아 본 짐승이 없다고 자부하는 사냥꾼 크레이븐! 그러나 그에게도 단 하나 잡을 수 없었던 사냥감이 있었으니, 그것은 바로 벽을 타고 거미줄을 쏘며 번번이 크레이븐을 농락했던 거미 인간 스파이더맨이었다! 크레이븐은 자신이 이 슈퍼히어로보다 뛰어남을 입증하기 위해 직접 스파이더맨이 되고자 한다. 스파이더맨을 저격해… 땅속에 파묻고서!스파이더맨 최고의 고전 명작‘무시무시한 좌우 대칭’이라고도 불리는 작품 『크레이븐의 마지막 사냥』은 1987년 연재된 이후 30년이 지난 지금까지도 명작으로 사랑받고 있으며, 2012년 코믹 북 리소시즈에서 ‘역대 최고의 스파이더맨 스토리’로 선정된 것을 비롯해 다양한 순위에서 늘 상위권에 랭크되고 있다. 당시 연재 중이던 세 가지 스파이더맨 타이틀을 넘나들며 펼쳐진 이 6부작 이벤트는 메리 제인과 결혼하고 신혼여행에서 갓 돌아온 피터 파커를 2주간 실종 상태로 만들며 시작한다.“무덤에서 돌아온다는 발상 자체에는 포기할 수 없는 무언가가 있었습니다.피터 파커란 인물은 슈퍼히어로의 세계에서는 그 누구보다도 정서적으로, 정신적으로 가장 순수한 주인공입니다. 그 가면 아래에는 그의 이야기를 읽는 독자들이나, 그에 관한 이야기를 쓰는 작가들을 비롯해 사실상 거의 모든 사람과 다름없는 복잡하고 흠 많고 연약한 인간의 얼굴이 숨어 있지요. 그 보통 사람이 갖는 새 신부를 향한 사랑, 부부가 함께 일구어 나갈 새 삶에 대한 사랑은 이야기의 추진제 역할을 할 정서적 연료였습니다. 메리 제인의 존재, 메리 제인의 마음과 영혼, 그것이 피터의 마음과 영혼 깊은 곳에 닿아서 그를 관에서, 무덤에서 일으켜 빛으로 돌아오게 하는 것이죠.그렇게 해서 ‘크레이븐의 마지막 사냥’이 태어난 겁니다.”- J.M. 디매티스, 작가 서문 중에서J.M. 디매티스가 쓰고 마이크 제크가 그린 「웹 오브 스파이더맨」 #31-32, 「어메이징 스파이더맨」 #293-294, 「피커 파커, 스펙태큘러 스파이더맨」 #131-132 수록.",
스파이더맨 : 라이프 스토리 SPIDER-MAN: LIFE STORY,칩 즈다스키,0.0점, 0,,,,"“스파이더맨을 위한 헌사.” - AIPT!“칩 즈다스키와 마크 배글리의 손에서 탄생한, 진정 특별한 작품.” - 코믹 북 레볼루션스파이더맨, 역사가 되다!1962년, 「어메이징 판타지」 #15에서 열다섯 살 소년 피터 파커는 방사능 거미에 물린 뒤 어메이징 스파이더맨으로 거듭났다. 스파이더맨의 데뷔 이후 현실 세계에서는 57년이라는 세월이 지난 지금… 만일 마블 유니버스 속 피터 파커에게도 그만큼의 시간이 흘렀다면 어떻게 되었을까? 마블 80주년을 기념하며 칩 즈다스키와 스파이더맨의 전설 마크 배글리가 뭉쳐 독특한 스파이더맨 이야기를 탄생시켰다. 수십 년간 이어 온 스파이더맨 작품 속 주요 사건을 중심으로, 피터 파커라는 인물이 살아 온 궤적을 처음부터 끝까지 새롭게 재현한 것이다. 베트남 전쟁에서부터 마블 유니버스 「시크릿 워즈」, 영웅들의 내전 「시빌 워」 이벤트를 거쳐 72세의 연로한 스파이더맨이 벌이는 마지막 활약까지 그려 낸 이 작품을 통해, 여러분은 57년이라는 놀라운 역사를 자랑하는 피터 파커의 일대기뿐만 아니라 그가 사랑하는 주변인들의 이야기까지 함께할 수 있을 것이다!칩 즈다스키, 마크 배글리, 존 델, 앤드류 헤네시, 프랭크 다르마타가 참여한 「스파이더맨: 라이프 스토리」 #1-6 수록.*함께 읽으면 좋은 책:『스파이더맨: 블루』『스파이더맨: 크레이븐의 마지막 사냥』『시빌 워』『마블 나우! 어메이징 스파이더맨』 VOL. 3: 스파이더버스",
보석의 나라 11,이치카와 하루코,0.0점, 0,만화,SF/판타지,,"기도해, 기계. 나를 위해서.머나먼 미래, 불사의 몸을 가진 보석들은 주인공 포스포필라이트의 회유로 달에 가는 자와 지상에 남아 금강과 새로운 관계를 쌓는 자로 나뉘게 된다. 금강에게 억지로 기도를 시키려던 포스는 지상의 보석들에게 들키는 바람에 쫓기는 몸이 되는데-.강하면서도 무르고 아름다운, 싸우는 보석들의 이야기.",
천국대마경 4 S 코믹스,이시구로 마사카즈 지음,0.0점, 0,만화,SF/판타지,,"“2019 이 만화가 대단하다!” 남성편 1위 수상작!〈그래도 마을은 돌아간다〉, 〈외천루〉 이시구로 마사카즈의 최신작사람을 영원히 살게 해주겠다는 의사의 소문을 듣고불멸교단에 잠입한 마루와 키루코.‘지하에서 히토쿠이를 기르고 있다’는대형 건물에서 두 사람은 궁지에 처한다.학원에서는 토키오가 원인불명의 이유로몸 상태가 안 좋아진 상태였다.자살한 학생, 아스라 등,점점 밝혀지는 학원의 과거.바깥 세계와 학원이 싱크로하여수수께끼가 풀리고, 다시 새로운 수수께끼가 생겨난다!",
어쨌든 귀여워 9 S 코믹스,하타 켄지로,0.0점, 0,만화,순정만화,,"[2020년 10월 TV애니메이션 방영작!!]유카타 입고 손을 잡고부부 둘이서 여름 축제!나사&츠카사 부부의 첫 여름이 찾아왔다!우선 유카타로 갈아입고 여름 축제에!거기에, 사랑을 속삭이고, 또다시 목욕을 하고감기에 걸리고, 꽁냥거리는 등…일상이지만 특별한, 후끈후끈한 여름이 시작됩니다!!",
아메리카노 엑소더스 10,박지은,0.0점, 0,만화,웹툰/카툰에세이,,"거름회수단은 복제들과의 격렬한 싸움을 마치고잠시 휴식에 들어간다.그와 동시에 영주들은 약해진 중앙을 점거하고자중앙 뿌리로 향하는데….최고 사제는 에스프레소를 제거하라는 제안을 던지고,영주들은 가슴 깊숙한 곳에 묻어둔 과거를 떠올린다.이들의 선택은 과연!?인간의 마음속 어둠이 그려진 10권, 드디어 발매!",
와카코와 술 14,신큐 치에,0.0점, 1,만화,명랑/코믹만화,,"평범한 술꾼이 되는 밤,감동과 따스함이 깃든 음식들!무라사키 와카코 26세. 술을 원하는 혀를 지니고 태어났기에 오늘 밤도 이리저리 술자리를 찾아서 여자 홀로 행복한 술 여행을 떠난다. 정석적인 메뉴는 확실히 맛있다. 별난 메뉴도 어쨌든 먹어보면 맛있다. 오늘 밤도 차분히, 혼자서도 맛있게♪오늘도 당당하게 혼자 술을 마시는 와카코. 누구 눈치 볼 필요도 없이 혼자 마음껏 먹고 싶은 것 먹고, 마시고 싶은 것 마시는 진정한 자유의 길이 여기 있다!! 여럿이서 마시는 것보다 가끔 혼자 깊은 사색 속에 한잔 곁들이는 것이 더 기분 좋을 때도 있는 법. 원하는 술과 안주를 곁에 두고 나 자신을 벗삼아 한잔하는 그 각별한 행복을 느껴보자. 먹음직스러운 안주에 시원한 술 한잔으로 목을 축이며 마음껏 혼자만의 편안한 시간을 즐기는 와카코를 보고 있노라면 어느새 우리도 술집순례 준비 완료!! 이것이야말로 진정한 셀프 힐링!!멍게회, 시원하고 깔끔한 생선 국물 우시오지루, 밤 튀김, 항정살, 우설 스튜,맥주를 활용한 요리에 어른들을 위한 테마파크, 맥주 공장 견학 코스까지.기운이 샘솟는다. 안주와 함께라면.그렇게 봄을 맛보고 여름을 즐긴다.오늘 저녁도 술잔 가득 행복과 만족을☆",
외과의사 엘리제. 1(한정판),유인 (원작),0.0점, 0,만화,순정만화,,"“사람을 살리는 것보다 중요한 일은 없어!”첫 번째 삶.귀족 가문의 딸로 태어나 황후의 자리까지 올랐으나,탐욕과 질투에 사로잡혀 저지른 과오로 결국 처형을 당했다.두 번째 삶.과거를 반성하기 위해 의사의 삶을 살았으나,또다시 피할 수 없는 죽음을 맞이하게 되었다.그리고 눈을 떴을 때, 첫 번째 삶으로 돌아왔다.다시 한번 주어진 기회.엘리제는 첫 번째 삶의 모든 잘못을 바로잡기로 결심했다.“폐하, 저와 태자 전하와의 약혼을 없던 것으로 해주십시오.”“어째서인가?”“저는 의사가 되고 싶습니다.”“그렇다면 우리 내기를 하는 게 어떤가.”과연 엘리제는 황제와의 내기에서 이겨의사가 될 수 있을 것인가.","메디컬과 로맨스 판타지의 절묘한 만남!카카오페이지 197만 구독자가 선택한, 만화 『외과의사 엘리제』 단행본 발간! 악녀 황후로 단두대에 처형당한 엘리제. 두 번째 삶 지구에서 송지현이란 이름으로 의사의 삶을 살아가지만 결국 불의의 사고를 당한다. 그리고 그녀는 다시 첫 번째 삶, 엘리제로 깨어난다.돌아온 엘리제는 이번 삶에서도 의사로서 살기로 결심하지만, 모든 비극의 시작이었던 황태자와의 약혼이 기다리고 있었다. 그에 엘리제는 약혼을 파기하기로 결심하는데…….악녀 황후에서 만인의 사랑을 받는 등불을 든 여인이 되기까지.과연 엘리제는 첫 번째 삶의 잘못을 바로잡고, 의사가 될 수 있을 것인가."
살육의 천사 11 SL Comic,사나다 마코토 (원작),0.0점, 0,만화,SF/판타지,,잭과 레이첼은 탐색을 재개하여출구와 이어진 「또 다른 최상층」의존재를 알아차린다.모든 층을 돌파하고 빌딩을 탈출한 후의「소망」을 이야기하는 두 사람.그러나 그런 미래는 갑자기 뒤엎어진다.생기 없는 안내 방송 뒤에 울린 폭발음과 함께…….,
지박소년 하나코 군 5,아이다이로 글그림,7.0점, 2,만화,SF/판타지,,"일본 현지 시리즈 누계 발행부수 190만부 돌파!2020년 1월 일본 현지 애니메이션 방영작!학교 7대 불가사의 “하나코 군”의조수를 맡은 야시로 네네.수수께끼의 헌팅남, 나츠히코가 초대한티파티에서 네네가 만난 사람은,하나코 군의 “여자친구”와 하나코 군의 “동생”…?!게다가 같은 학교의 동급생 중에7대 불가사의가 섞여 있을지도모른다는 사실을 알게 되는데….새로운 불가사의도 등장하는파란만장한 제 5권!",
"슬램덩크 5 신장재편판,송태섭과 정대만",이노우에 타케히코,0.0점, 1,만화,스포츠만화,,일본 누계 판매 부수 1억 2000만 부를 돌파한 베스트셀러90년대 레전드 농구 만화 《 슬램덩크 》가 돌아오다!90년대는 그야말로 ‘농구’의 시대였다. 당시의 중고등학생들은 유명한 NBA선수들만 뿐만 아니라 대학농구에서 활약하는 선수들의 이름을 외우고 다녔으며 거리에는 농구 드라마 ‘마지막 승부’의 주제곡이 흘러나왔다. 이렇게 한국뿐만 아니라 90년대에는 중국과 일본까지 동북아시아에는 농구의 인기가 치솟았다. 이 현상에 한 몫을 한 것이 바로 이노우에 타케히코의 《슬램덩크》라는 작품이다.,"‘슬램덩크’, 아직도 기억나는 그 이름 《슬램덩크》가 완결된지도 벌써 20년이 넘는 시간이 흘렀다. 하지만 우리는 지금도 ‘강백호’, ‘서태웅’, ‘정대만’ 등의 이름을 들으면 가슴이 두근거린다. 그 때를 떠올리기만 해도 가슴이 뛸 만큼 당시 《슬램덩크》의 인기는 대단했다. 만화작품인데도 불구하고 남녀노소 가리지 않고 ‘강백호’라는 이름을 모르는 사람이 없었다. 대학농구에서는 뛰어난 선수가 나타나면 00대학의 ‘정대만’, 00대학의 ‘서태웅’ 같은 별명이 붙었다. 작가 이노우에 타케히코가 작품 속에서 만들어낸 《슬램덩크》의 캐릭터들은 드라마틱한 설정을 갖고 있었다. 단순히 주인공인 ‘강백호’뿐만 아니라 ‘정대만’, ‘송태섭’, ‘채치수’ 등 다른 멤버들의 이름까지도 기억 속에 선명하다. 개성적이고 뚜렷한 인물의 성격뿐만 아니라 멤버 하나하나를 그려낸 세밀한 이야기가 《슬램덩크》를 더욱 매력적이게 한 요소일 것이다.20여년 만에 새롭게 돌아온 《슬램덩크 신장재편판》“녀석들이 보고 싶어 새로 그리고 있습니다.”이노우에 타케히코 작가의 SNS에 올라온 한 장의 그림은 《슬램덩크》팬들을 열광하게 했다. 주인공 ‘강백호’의 스케치 일러스트와 함께 손글씨로 쓰여진 그의 말이 있었기 때문이다. 곧 이어 《슬램덩크 신장재편판》의 소식이 들렸다. 올해 한국에서도 출간되는 《슬램덩크 신장재편판》의 표지는 모두 이노우에 타케히코가 새로 작업한 컬러 일러스트로 만들어졌다. 기존 오리지널판이 31권인데 비해 신장재편판은 20권으로 새롭게 구성되었다. 그리고 그 각각의 표지가 ‘강백호’, ‘서태웅’, ‘정대만’ 등 그리운 얼굴들이 이노우에 타케히코의 아름다운 일러스트로 장식되어있다. 단행본 각권마다의 소제목도 변경된다. ‘첫 시합 능남전’, ‘북산 문제아 집단’ 등 권마다 주제를 한 눈에 알아볼 수 있는 간결하면서도 정확한 제목들로 이루어졌다. 신장재편판 1권 [강백호]에서는 농구에 대해서는 하나도 모르던 북산고 문제아 ‘강백호’가 농구부에 입문하는 과정을 그려냈다. 2권 [풋내기 슛]은 농구부 입부 후 주인공 ‘강백호’가 지겨운 훈련 과정에도 불구하고 유도부의 입부 권유를 뿌리치는 등 팀에 적응해가는 과정을 엿볼 수 있다. 3권 [첫 시합 능남전 1]과 4권 [첫 시합 능남전 2]은 현 내 베스트4로 꼽히는 강호 능남고와 첫 대결을 그려내었다. 비록 연습시합에 불과하지만 ‘강백호’가 입부한 이후 처음으로 있는 경기이기에 북산고 팀으로서의 ‘강백호’의 첫 활약을 지켜볼 수 있다. 5권 [송태섭과 정대만]은 ‘강백호’와 ‘서태웅’ 외에 북산고 농구부의 또 하나의 앙숙인 ‘송태섭’과 ‘정대만’의 등장을 알린다. 부상당했던 ‘송태섭’이 팀에 복귀하면서 이야기는 시작된다. 6권 [북산 문제아 집단]에서는 북산고의 문제아로 전락했던 ‘정대만’이 과거를 버리고 농구부로 복귀하는 과정이 그려졌다. [슬램덩크 신장재편판]은 2018년 8월 중순 전 20권 중 1∼6권이 먼저 출간될 예정이다. 뒤를 이어 7∼10권(9월 출간 예정), 11∼14권, 15∼20권으로 총 네 번에 걸쳐 발행된다."
"슬램덩크 10 신장재편판,해남대 부속 vs. 능남",이노우에 다케히코,0.0점, 1,만화,스포츠만화,,일본 누계 판매 부수 1억 2000만 부를 돌파한 베스트셀러90년대 레전드 농구 만화 《 슬램덩크 》가 돌아오다!90년대는 그야말로 ‘농구’의 시대였다. 당시의 중고등학생들은 유명한 NBA선수들만 뿐만 아니라 대학농구에서 활약하는 선수들의 이름을 외우고 다녔으며 거리에는 농구 드라마 ‘마지막 승부’의 주제곡이 흘러나왔다. 이렇게 한국뿐만 아니라 90년대에는 중국과 일본까지 동북아시아에는 농구의 인기가 치솟았다. 이 현상에 한 몫을 한 것이 바로 이노우에 타케히코의 《슬램덩크》라는 작품이다.,
"슬램덩크 16 신장재편판,북산 vs. 산왕공고1",이노우에 다케히코,0.0점, 0,만화,스포츠만화,,일본 누계 판매 부수 1억 2000만 부를 돌파한 베스트셀러90년대 레전드 농구 만화 《 슬램덩크 》가 돌아오다!90년대는 그야말로 ‘농구’의 시대였다. 당시의 중고등학생들은 유명한 NBA선수들만 뿐만 아니라 대학농구에서 활약하는 선수들의 이름을 외우고 다녔으며 거리에는 농구 드라마 ‘마지막 승부’의 주제곡이 흘러나왔다. 이렇게 한국뿐만 아니라 90년대에는 중국과 일본까지 동북아시아에는 농구의 인기가 치솟았다. 이 현상에 한 몫을 한 것이 바로 이노우에 타케히코의 《슬램덩크》라는 작품이다.,
귀멸의 칼날 11 혼전,고토게 코요하루,0.0점, 0,만화,SF/판타지,,"때는 다이쇼 시대. 숯을 파는 마음씨 착한 소년 탄지로의 일상은 가족들이 도깨비에게 몰살당하면서 돌변한다. 유일하게 살아남았으나 도깨비로 변모된 누이동생 네즈코를 원래대로 돌려놓기 위해, 가족을 죽인 도깨비를 응징하기 위해 탄지로와 네즈코는 길을 떠난다.",
귀멸의 칼날 4,고토게 코요하루,0.0점, 0,만화,SF/판타지,,"장구를 다루는 도깨비의 집에서 빠져나온 탄지로는 아가츠마 젠이츠가 멧돼지 머리의 소년에게 일방적으로 구타당하는 장면과 맞닥뜨린다. 탄지로는 소년을 말리러 달려드는데?! 그리고 잠깐의 휴식 후, 탄지로 일행은 귀살대의 긴급 지령을 받고 음침한 산으로 향한다!! 그곳에 숨어있던 것은…?!",
귀멸의 칼날 7,고토게 코요하루,0.0점, 0,만화,SF/판타지,,"'주(柱)'의 일원 시노부의 조치로 싸움의 상처를 치유하고, 전집중 상중(常中)을 터득한 탄지로 일행.   그리고 새로운 지령을 받아 '무겐 열차'에 올라탄 일행은 염주(炎柱) 렌고쿠와 함께 열차에 숨어있는 도깨비를 퇴치한다!   그런데 그것은 도깨비가 만들어낸 꿈속에서 벌어진 일이고, 탄지로 일행은 꿈에 사로잡히고 만다!!   이 궁지에서 빠져나올 길은 과연 있을까?!",
하이큐!! 41 작은 거인 VS,후루다테 하루이치,0.0점, 1,만화,스포츠만화,,"41. 작은거인 VS  제일 가혹한 봄철대회 사흘째 두 번째 경기, 운명의 마지막 세트!! 카라스노에 2세트를 빼앗기고도 강인한 정신력으로 흔들리지 않는 카모메다이의 블로킹! 히나타는 벽을 뛰어넘을 방법을 계속 찾는다 ─. 작은 몸으로 발버둥치며 계속 도전하는 그 끝에는…?!",
킹덤 58,하라 야스히사,0.0점, 0,만화,,,"조나라와의 존망을 건 대결전! 승패는 숙명의 대결에 맡겨졌다!! 주해평원 열닷새 째, 마침내 이목 본진에 당도한 비신대의 앞을 가로막은 것은 방난. 신과 방난, 숙명의 두 사람의 대결은 장절한 일기토로─. 대 난전이 벌어진 이 땅을 제압하고 조나라의 요충지 '업'을 손에 넣는 것은 어느 나라일까? 사황 11년 '진조연합군전' 이야기는 충격의 결말로…!!",
"보루토. 11 NARUTO Next Generations,BORUTO NARUTO NEXT GENERATIONS",Mikio Ikemoto,0.0점, 0,만화,,,"이케모토 미키오의 『보루토』 제11권. 이공간으로 끌려간 나루토를 구출하기 위해 움직이는 카와키, 보루토, 미츠키, 사라다. 하지만 그곳에는 '카라'의 내진인 보로가 기다리고 있었다…! 보로의 경악스러운 능력과 인술에 옴짝달싹 못하는 네 사람. 이들이 절체절명의 상황 속에서 찾아낸 타개책이란…?!",
1000년 여왕 상,마츠모토 레이지,0.0점, 1,만화,SF/판타지,,"《은하철도999》 《우주해적 캡틴 하록》마츠모토 레이지가 그린 장대한 SF 서스펜스가	호화 양장판으로 다시 부활한다!!	《1000년 여왕》 상, 하권 동시 출간	 수수께끼의 대폭발로 부모님을 잃은	아마모리 하지메가 병실에서 눈을 떴을 때,	그곳에는 정체를 알 수 없는 미인의 모습이 있었다.	 며칠 후, 삼촌에게 맡겨진 하지메는	삼촌이 소장을 맡고 있는 천문대에서	조수로 일하는 여성, 유키노 야요이와 재회한다.	 한편, 지구에 수수께끼의 행성이 접근해	지구의 미래를 위협하는데…….	 암약하는 비밀결사 ‘1000년 도적’,	땅속에 펼쳐진 무인 대단지.	예측 불능의 궤도로 닥쳐오는 행성 ‘라 메탈’!	모든 수수께끼의 열쇠를 쥔 야요이의 정체는……?!",
명탐정 코난 97 名探偵コナン,아오야마 고쇼,0.0점, 2,만화,공포/추리,,"아무로 토오루의 입에서 나오는 RUM의 정체에 관한 힌트는?!명탐정 코난 97권사건에 연루되는 RUM 후보들…! 그리고 아무로 토오루의 입에서 나오는 RUM의 정체에 관한 힌트는?! 코난, 모리 코고로, 아무로 토오루 그리고 와키타 카네모리. 이 기묘한 일행의 행선지는 나가노 산속에 있는 폐쇄된 성당. 그곳에서 기다리고 있던 것은 의문의 암호와 살인사건-?! 사건 도중, 코난은 ‘RUM’의 정체와 관련된 중요한 힌트를 아무로에게서 끌어내려 한다…! 기대를 더하는 〈명탐정 코난〉 97권 마침내 발간!!",
드래곤볼 슈퍼 12 메르스의 정체,토리야마 아키라,10.0점, 2,만화,SF/판타지,,"드래곤볼의 정통 후속작!!드래곤볼 슈퍼 12권★ 오공과 베지터가 자리를 비운 사이, 모로 일당의 위험이 지구에 닥쳐온다!!극악무도한 악당 모로와 그의 부하가 된 은하교도소의 탈옥수들이 높은 생명력을 가진 별을 찾아 은하를 어지럽히며 돌아다닌다!! 그리고 지구에도 카피 능력을 가진 세븐스리와 은하강도단이 나타난다. 오공이 없는 사이, 피콜로 등은 고전을 면치 못하는데?!",
마블 나우! 어메이징 스파이더맨 : 엣지 오브 스파이더버스 엣지 오브 스파이더버스,데이비드 하인 지음,0.0점, 0,만화,,,"“스파이더맨 팬이건 아니건 모두에게 힘을 주는 이야기들.” - 코믹코시티“마블 코믹스는 번개를 병 속에 담는 도전에 성공했다.” - 코믹북닷컴“이 모든 에너지의 원천이 된 엄청난 열정. 거기엔 어느 만화에서도 찾아볼 수 없었던 특별한 목소리가 존재한다.” - 뉴사라마다섯 개의 다른 현실…새롭고도 독특한 다섯 거미 이야기!스파이더맨 역사상 최대 규모 이벤트의 전주곡! 스파이더맨 누아르가 1930년대 피터 파커로 돌아와 미스테리오와 대결한다! 또 다른 현실에서는 애런 에이크만 박사의 비밀이 밝혀지는데! 악인 레드아이와 나무라의 정체는 무엇인가? 애런은 자신 앞에 나타난 몰런을 뚫고 살아날 수 있을 것인가? 한편 또 다른 세상에서는 어느 모범생 고등학생이 방사능 거미에 물린다는 익숙한 이야기가 공포물로 돌변하는데, 그는 이미 이전부터 괴물의 마음을 가지고 있었으니! 또한 경이로운 능력을 가진 SP//DR의 정체는 대체 무엇인가? 그리고 마지막으로 펼쳐지는 '스파이더버스' 최고 인기 캐릭터의 데뷔 무대…. 그 배경이 되는 세상은 방사능 거미가 그웬 스테이시를 물어 버린 곳이다! 데이비드 하인, 파브리스 새폴스키, 제이슨 러투어, 더스틴 위버, 클레이 맥클라우드 채프만, 제라드 웨이가 쓰고, 리처드 이자노브, 로비 로드리게스, 더스틴 위버, 엘리아 보네티, 제이크 와이어트가 그린 「엣지 오브 스파이더버스」 #1-5 수록.*함께 읽으면 좋은 책:『마블 나우! 어메이징 스파이더맨』 VOL. 1: 파커의 운수『마블 나우! 어메이징 스파이더맨』 VOL. 2: 스파이더버스의 전주곡『마블 나우! 어메이징 스파이더맨』 VOL. 3: 스파이더버스『스파이더겟돈』『스파이더 그웬: 고스트 스파이더』",
스파이더맨 : 마일스 모랄레스는 누구인가? ULTIMATE COMICS SPIDER-MAN: WHO IS MILES MORALES?,브라이언 마이클 벤디스,0.0점, 0,,,,"“「얼티밋 스파이더맨」은 제대로 된 시작을 보여 준다. 창작 팀은 현대적이고 진보한 캐릭터를 팬이나 신규 독자들 모두에게 오랫동안 먹힐, 거의 완벽한 책으로 묶어 냈다.”- 켈리 톰슨, COMICBOOKRESOURCES.COM얼티밋 스파이더맨의 새 시대는전 세계 헤드라인을 장식하는 사건으로부터 시작한다!원조 스파이더맨이 사망하기 직전, 어린 마일스 모랄레스는 상급 학교 입학과 함께 인생의 다음 단계를 준비하고 있었다. 그런데 도둑맞은 유전자 변이 거미에게 물린 뒤, 이 초등학생에게는 거미와 같은 놀라운 능력이 발생했다. 이제 마일스는 유일한 지표인 책임감과 직감을 따라 자신이 이해할 수 없는 세상에 휘말린다. 과연 마일스는 피터 파커의 유산을 이어 갈 수 있을 것인가?2대 스파이더맨, 마일스 모랄레스의 기원「시크릿 워즈」를 통해 마블 프라임 유니버스에 편입되기 전까지 얼티밋 유니버스에서 피터 파커의 뒤를 이어 스파이더맨으로 활동한 마일스 모랄레스 캐릭터는 가장 성공적인 후대 히어로라는 평가를 받으며 2018년 장편 애니메이션 ‘스파이더맨: 뉴 유니버스’, 2020년 PS5 게임 ‘마블 스파이더맨: 마일즈 모랄레스’ 등 다양한 포맷으로 꾸준히 재탄생하고 있다.이 책에는 마일스 모랄레스의 첫 모험을 그린 「얼티밋 코믹스: 스파이더맨」 #1-5와 함께, 언론의 주목을 받으며 화려하게 데뷔한 마일스의 첫 등장 이슈 「얼티밋 폴아웃」 #4, 「얼티밋 스파이더맨」에서 피터 파커 영웅담이 대단원을 맞는 ‘스파이더맨의 죽음’ 스토리아크의 #160이 추가 수록되었다.*함께 읽으면 좋은 책:『얼티미츠』 (전 2권)『얼티미츠 2』 (전 2권)『올뉴 올디퍼런트 어벤저스』『시빌 워 II』『시크릿 엠파이어』『스파이더겟돈』",
재혼황후 2,히어리,0.0점, 1,소설,,,"“도망 노예가 레이디 대우를 다 받고?”라스타, 로테슈 자작과 마주치다!-1~2권 동시 출간-자신이 노예로 있던 곳의 영주인 로테슈 자작과 마주친 라스타. 자작은 라스타가 황제의 총애를 받고 있다는 사실을 알게 되고 그녀의 조력자가 되어주는 대가로 금품을 요구한다. 한편, 도망 노예라는 소문을 덮기 위해 라스타는 사교계의 여왕인 투아니아 공작부인을 이용하려 하는데...! 과연, 라스타는 자신의 바람대로 도망 노예 신분을 숨길 수 있을까?","황제의 사랑을 잃는 순간다시 노예가 될까 두려운 라스타2권에서는 황제의 사랑을 잃게 될까봐 두려워하는 라스타의 모습이 담겼다. 천진난만한 모습으로 가렸던 내면의 불안과 욕망이 수면 위로 드러나기 시작한다. 선황제폐하의 정부들처럼 소비에슈의 사랑을 잃을지도 모른다는 불안감에 라스타는 더더욱 도망 노예 신분을 숨기고 싶어 한다. 투아니아 공작부인을 음해하면서까지 자신의 소문을 덮으려는 라스타. 황제의 사랑을 독차지 하고 있음에도 위태위태해 보이는 라스타는 나비에와 대비될 수밖에 없다.명문가 출신 황후와 도망 노예 출신 정부라는 입장 차이를 보면 라스타의 행동이 이해되지 않는 건 아니다. 믿을 거라곤 소비에슈의 사랑뿐이니까. 불안한 마음 탓인지 주변 사람들의 말에 휘둘리는 라스타는 나비에의 대적이라고 보기에는 너무나도 나약하다. 그래서 작가는 황제 소비에슈와 황후 나비에의 대결 구도를 내세운다. 라스타 일이라면 과민 반응하는 황제를 통해 작품의 긴장감을 이어간다. 한 남자를 둘러싼 여자들의 질투와 시기보다 황제와 황후의 심리전이 되는 것이 이 작품의 신선한 매력 중 하나다.신데렐라 스토리였다면 소비에슈와 라스타는 신분 차이를 뛰어넘는 세기의 사랑이었을 것이다. 다른 게 있다면 흔히 주인공을 괴롭히는 역할로 등장했을 법한 황후 캐릭터가 이에 굴하지 않고 당당하게 자신의 삶을 찾아 나서는 점, 순정 만화의 여주인공일 법한 라스타가 아닌, 나비에의 시점으로 이야기가 펼쳐지는 점이다. 작가는 우리가 편견처럼 갖고 있던 주조연의 역할과 시점을 뒤틀었다. 어쩌면 다른 로맨스에서 주인공의 사랑을 방해하는 조연처럼 느껴지던 캐릭터들도, 그들의 시점에서 보면 독자들이 공감할 만한 사연이 있었지 않을까?라스타의 약점을 쥐고 있는 로테슈 자작의 등장으로 더욱 흥미진진해진 〈재혼 황후〉 2권. 과연, 라스타는 이 난관을 잘 헤쳐 나갈 수 있을까?"
까대기,이종철,9.64점, 48,만화,교양만화,,"택배는 사람들의 일상을 편리하게 하지만 그 뒤에는 고된 노동이 숨어 있다. 《까대기》는 일을 하면 하루 만에 도망치게 된다는 전설의 알바, 택배 상하차 아르바이트의 실상을 A부터 Z까지 담은 만화책이다. 만화가를 꿈꾸며 서울로 올라온 주인공 이바다는 택배 알바를 하며 꿈을 이루기 위해 치열하게 살아간다. 《까대기》는 실제로 6년 동안 택배 일을 하며 만화를 그린 작가의 경험을 바탕으로 한 작품으로, 취재와 인터뷰로는 끌어낼 수 없는 생생한 택배 노동 현장의 목소리가 생생하게 녹아 있다. ‘2018 다양성만화제작지원사업’ 선정작이다.","택배 상자 하나에 얽힌 수많은 이야기지방대학에서 미술을 전공하고 만화가의 꿈을 이루기 위해 호기롭게 서울로 올라온 주인공 ‘이바다’. 인터넷에서 아르바이트를 찾다가 ‘투잡 환영, 운동 겸 돈도 벌자!’는 홍보 문구를 보고 ‘까대기’ 알바를 시작한다. 까대기 알바는 화물차에 실린 택배 물건을 부리거나 싣는 일을 말한다. 조그만 상자에서부터, 쌀, 농산물, 생수, 각종 가전제품이나 가구까지 손으로 내리고 손으로 나르는 육체 노동인 셈이다.요즘은 택배를 보내고 받는 데까지 걸리는 시간은 평균 2일이면 충분하다. 빠른 배송에 익숙해지다 보니, 누구나 택배 배송이 하루만 늦어져도 조바심이 난다. 하지만 택배 상자 하나가 내 손에 오기까지, 많은 사람들의 고된 노동이 숨어 있다는 걸 아는 사람은 얼마나 될까? 그중에서도 알바 현장에서 도망자가 속출한다는 전설의 알바, 일명 ‘까대기’라 불리는 택배 상하차를 무려 6년이나 해 왔던 작가 이종철의 자전적 이야기를 바탕으로, 택배 노동 현장을 A부터 Z까지 하나도 숨김없이 생생하게 담은 만화 《까대기》가 탄생했다.택배 노동의 현실을 있는 그대로 보여주는 리얼리즘 만화 《까대기》택배 상자 하나에는 저마다 다른 이야기가 담겨 있다. 요일마다 물량이 다르고, 계절마다 배송되는 농산물이 달라진다. 설과 추석에는 ‘대란’이라고 부를 만큼 물량이 넘쳐난다. 간편한 서비스 뒤에는 택배를 둘러싼 수많은 노동자들이 있다. 물건을 고객에게 직접 전해주는 배송 기사, 물류센터와 택배 지점을 오가는 화물차 기사, 택배 지점을 관리하는 지점장, 그리고 직원들과 까대기 알바 등 다양한 사람들의 노동으로 택배의 편리함이 유지된다. 주문한 물건이 하루 만에 도착하는 데서 한 발 더 나아가 이제는 주문한 당일 도착하는 총알 배송, 이른 아침에 물건을 받아볼 수 있는 새벽 배송으로 택배의 모습은 바뀌고 있다.작가 이종철은 오랜 기간 택배 알바를 하면서 보고 듣고 겪은 일을 바탕으로 스토리를 짜고, 현장에서 일하는 택배 노동자들의 인터뷰를 보완해, 그 어떤 이야기보다 더 현실적이고 생생한 택배 노동의 실상을 우리에게 전한다. 온라인을 통해 공개한 ‘출간 전 연재’로 미리 만화를 접한 독자들은 만화 《까대기》가 지금까지 택배를 다룬 글, 영화, 드라마를 통틀어 가장 쉽게 일반인들이 모르는 것을 이해할 수 있게 그린 만화라고 호평했다. 《까대기》는 한국만화영상진흥원이 주관하는 ‘2018 다양성만화제작지원’ 선정작 20개 가운데 한국 사회의 문화와 현실을 보여주는 독특한 소재와 주제로 주목을 받았고, ‘한국의 다양한 만화’ 중 한 작품으로 2019년 독일 라이프치히도서박람회에 선을 보여 유럽인들의 눈길을 사로잡았다. 만화 《까대기》는 노동 현장을 고발하는 르포 만화가 아니라 현실에 기반을 둔 리얼리즘 만화로, 한국 사회의 현 모습과 청년 문제, 노동 문제 들을 함께 고민해 볼 수 있는 거리를 던져 주는 책이다.팍팍한 인생에 상처 입은 청춘들을 위한 공감과 위로주인공 이바다는 시급제 아르바이트생이다. 하루 일해서 하루를 살아야 하는 팍팍한 삶의 현장 가운데 서 있는 청년이다. 일을 하지 못하면 그만큼 돈을 벌지 못하는 만큼, 오늘 일하지 않으면 내일이 막막해지는 삶이다. 이바다와 함께 일하는 동료들도 사정은 마찬가지다. 공무원 시험 준비를 하면서 오전에 몸을 쓰는 일을 하는 까대기 알바생, 하루에 12시간 이상 배송을 하는 택배 기사, 새벽 3시에 ‘졸면 죽는다’며 억지로 졸음을 쫓으며 운전하는 화물 기사, 아침에는 까대기 알바를 하고 저녁에는 또 다른 일을 하며 투잡으로 생계를 꾸려나가는 이들은, 피로를 견디며 하루하루를 살아가는 우리들의 모습과 별반 다르지 않다.《까대기》는 만화가가 되기 위해 서울로 올라와, 쉽지 않지만 한 발 한 발 자신의 꿈을 향해 나아가는 자기 이야기를 담은 만화이기에 더욱 진정성 있게 다가온다. 불안한 미래에 ‘내가 과연 쓸모 있는 사람일지’ 고민하며 몸뚱이 하나로 정직하게 살아가는 청춘들에게 이종철 작가는 다음과 같은 응원의 메시지를 전한다. “모두들 몸도 마음도 파손주의!”● ‘추천하는  말’한 짐 한 짐, 등짐을 져야 했을 먹을 것들이 택배를 타고 갑니다. 보내는 것, 받는 것, 시골 살림이 택배에 기대어 살아갑니다. 고맙습니다. _농산물을 택배로 직거래하는 봄이네살림 전광진택배 상자 하나가 당신 곁으로 오기까지 몇 사람의 지문이 묻어 있는지 아시나요? 그 지문의 주인공들을 만나게 해 주는 책이 여기 있습니다. _시골에서 택배로 받은 책을 보며 자란 국어 선생님 송보아말로만 들었던 택배회사의 ‘까대기’ 알바! 지옥의 알바라고 하지만 그곳에도 우리 이웃이 일하고 숨 쉬고 웃고 만나고 헤어지는 일터라는 생각이 들었습니다. 몇 년 전 내가 시킨 생수 때문에 땀을 뻘뻘 흘리며 배달을 하시던 택배 기사님을 보고 생수 8개를 클릭했던 손가락이 부끄러웠습니다. 지금은 생수와 쌀은 마트에서 사서 제가 직접 들고 오고 있습니다. 어쩌면 우리가 살고 있는 곳이 지옥일 수 있지만 타인의 수고스러움을 조금만 생각한다면 지옥까지는 아닌 세상이 아닐까요? _다둥이 아빠로 늘 택배를 시키는 지노출판 도진호무료배송이 아니면 물건을 비싸게 사는 느낌이라 불편했는데 《까대기》를 보고 나서는 택배비가 아까운 돈이 아니라고 생각했다. _그래도 무료배송을 가장 먼저 검색해 보는 독자 조서희언제든 헤어질 준비가 된, 그래서 서로 이름조차 잘 안 알려주는 까대기 알바들의 생생한 현장을 십 대가 왜 굳이 알아야 할까 싶었다. 뜻밖에 답이 쉽게 나왔다. ‘이게 바로 어른들이 만든 세상이고 현실이니까.’ ‘그곳에도 마음 따뜻한 사람들이 땀 흘리며 살아가니까.’ _청소년문화연대 킥킥 사무국장 양연식거대 자본의 배송 단가와 속도 경쟁, 그 이면에 가려진 택배 노동자들의 기록. 덤덤하게 읽었지만 마지막 장을 덮었을 때 견디기 힘든 막막함과 분노를 느꼈다. 왜 항상 침묵과 희생은 노동자의 몫으로만 남는가!_‘까대기’ 중에서도 ‘상차’ 전문 기타리스트 신해원《까대기》는 이 시대 불안정 노동의 현실을 깊게 파고든다. 동시에 청년 예술가가 느끼는 불안한 심리까지 자연스럽게 그렸다. 작가 이종철은 《까대기》를 통하여 한국 리얼리즘 만화의 새로운 주자로 발돋움하게 되었다. _만화를 사랑하는 불안정 집필 노동자 만화평론가 성상민"
별일 없이 산다 1,키크니,0.0점, 1,만화,교양만화,,"『무엇이든 그려드립니닷!』의 작가, '키크니'가 전하는 본격 고양이 일상 만화!별일 없이 사는 인간과 고양이의 '동고동락' 이야기가 시작된다!『별일 없이 산다』는 제목처럼 별일 없이 사는(듯 보이는) 평범한 사람들의 소중한 일상을 중심으로, 별일 없이 사는 키크니와 어디서도 볼 수 없는 특별한 고양이의 어디로 튈지 모르는 동거 생활을 보여주며 신선한 재미를 선사한다. 별일 없이 살던 키크니와 사람처럼 훌쩍 커져 버린 ‘그냥이’의 동거 이야기는 키크니의 작업실 식구들을 만나며 더욱 흥미진진해진다. 소심한 일러스트레이터, 열정과 감성이 넘치는 시나리오 작가, 낭만이 가득한 인문학 작가 등 생김새도, 하는 일도 모두 다른 이들은 같은 작업실을 이용한다는 이유로 종종 하나가 되며 유쾌한 일상을 보낸다.평소와 다를 것 없던 어느 날, 키크니의 집에 낯선 이가 찾아온다. 그의 정체는 과연 사람인가, 고양이인가? 사람처럼 훌쩍 커져 버린… 아니, 사람처럼 변해 버린 고양이를 보며 당황하는 키크니! 하지만 갈 곳 없다는 고양이의 말에, 결국 ‘그냥이’라는 이름도 지어주며 함께 살게 된다. 사람에 대한 공포심 때문에 쉽게 밖을 나가지 못하는 그냥이와 키크니가 함께 밖을 나선 어느 날, 우연히 같은 작업실에서 일하는 시나리오 작가에게 그냥이의 정체를 들키고 만다. 그런데 이게 웬일? 그냥이를 본 작가는 거리낌 없이 그냥이를 귀여워하며 인사를 건넨다. 작가만 그런 줄 알았더니 다른 식구들도...?! 평범하지만 어딘가 독특한 작업실 식구들! 그냥이는 과연 키크니의 작업실 식구들과 잘 어울릴 수 있을까? 그리고 다시 본래 고양이의 모습으로 돌아갈 수 있을까?","보증된 재미는 인스타그램 43만 팔로워가 증명한다!일러스트레이터미네이터 '키크니'의 만화경 연재작,〈별일 없이 산다〉 단행본 출간! 『별일 없이 산다』는 SNS 최고의 화제작 『무엇이든 그려드립니닷!』의 주인공, 자칭 일러스트레이터미네이터인 ‘키크니’가 전하는 일상 만화다. 이 책은 제목처럼 별일 없이 사는(듯 보이는) 평범한 사람들의 소중한 일상을 중심으로, 별일 없이 사는 키크니와 어디서도 볼 수 없는 특별한 고양이의 어디로 튈지 모르는 동거 생활을 보여주며 신선한 재미를 선사한다. 별일 없이 살던 키크니와 사람처럼 훌쩍 커져 버린 ‘그냥이’의 동거 이야기는 키크니의 작업실 식구들을 만나며 더욱 흥미진진해진다. 소심한 일러스트레이터, 열정과 감성이 넘치는 시나리오 작가, 낭만이 가득한 인문학 작가 등 생김새도, 하는 일도 모두 다른 이들은 같은 작업실을 이용한다는 이유로 종종 하나가 되며 유쾌한 일상을 보낸다.이 만화는 다양한 사람들이 서로 위로하고 격려하며 조금씩 성장해 가는 이야기이자, 그냥이가 왜 이렇게 커져 버렸는지, 그냥이에게 어떤 일이 있었는지 숨겨진 비밀을 찾아 가는 이야기이기도 하다. 함께여서 더 용감한 그냥이와 별일 없이 사는 친구들의 이야기가 독자들의 마음에 작은 울림을 주길 기대한다."
별일 없이 산다 2/완결,키크니,0.0점, 0,만화,교양만화,,"『무엇이든 그려드립니닷!』의 작가,'키크니'가 전하는 본격 고양이 일상 만화!별일 없이 사는 인간과 고양이의 '동고동락'이야기가 시작된다!『별일 없이 산다』는 제목처럼 별일 없이 사는(듯 보이는) 평범한 사람들의 소중한 일상을 중심으로, 별일 없이 사는 키크니와 어디서도 볼 수 없는 특별한 고양이의 어디로 튈지 모르는 동거 생활을 보여주며 신선한 재미를 선사한다. 별일 없이 살던 키크니와 사람처럼 훌쩍 커져 버린 그냥이의 동거 이야기는 키크니의 작업실 식구들을 만나 더욱 흥미진진해진다. 소심한 일러스트레이터, 열정과 감성이 넘치는 시나리오 작가, 낭만이 가득한 인문학 작가 등 따뜻한 마음만큼은 똑같은 이들은 사람을 무서워하는 그냥이에게 좋은 친구가 되어 주고, 그냥이 역시 좋은 친구가 되어 준다. 상처 입은 고양이를 보며 자신의 과거를 기억해 낸 그냥이! 키크니는 그냥이가 과거에 겪었던 이야기를 듣고 분노한다. 다행히 상처 입은 고양이는 무사히 수술을 마치고 회복하는데…. 고양이의 사고를 목격했던 그냥이는 고양이를 오토바이로 치고 도망간 남자와 마주치게 되고, 용기를 내 그 남자를 붙잡는다. 작업실 식구들에게 둘러싸인 남자는 자신을 미워할 줄 모르는 고양이에게 미안함을 느끼고 사과한다. 그런데 얼마 후, 남자는 우연히 고양이 학대 현장을 목격하게 된다. 그냥이는 자신이 겪었던 학대를 떠올리며 범인을 잡아야겠다고 다짐한다. 키크니와 작업실 식구들 역시 같은 생각인데…. 과연 그냥이는 고양이 학대범을 잡고, 자신의 트라우마를 극복할 수 있을까? 그리고 다시 본래 고양이의 모습으로 돌아갈 수 있을까?","보증된 재미는 인스타그램 43만 팔로워가 증명한다!일러스트레이터미네이터 '키크니'의 만화경 연재작,〈별일 없이 산다〉 그 마지막 이야기. 『별일 없이 산다』는 SNS 최고의 화제작 『무엇이든 그려드립니닷!』의 주인공, 자칭 일러스트레이터미네이터인 ‘키크니’가 전하는 일상 만화다. 별일 없이 살던 키크니와 사람처럼 훌쩍 커져 버린 그냥이의 동거 이야기는 키크니의 작업실 식구들을 만나 더욱 흥미진진해진다. 소심한 일러스트레이터, 열정과 감성이 넘치는 시나리오 작가, 낭만이 가득한 인문학 작가 등 따뜻한 마음만큼은 똑같은 이들은 사람을 무서워하는 그냥이에게 좋은 친구가 되어 주고, 그냥이 역시 좋은 친구가 되어 준다. 그러던 어느 날! 이들은 뜻밖의 사건 앞에 (정의의 이름으로!) 똘똘 뭉치게 되는데! 함께여서 더 용감한 사람들이 정의를 실현하는 이야기, 그리고 이와 함께 자신의 트라우마를 극복해 가는 그냥이의 이야기가 여러분의 마음에 작은 울림을 주길 기대한다."
지박소년 하나코 군 2,아이다이로,0.0점, 0,만화,SF/판타지,,"자신에게 걸린 저주를 막기 위해'화장실의 하나코 양'으로 알려진 '하나코 군'과 계약을 한 야시로 네네.학생들 사이에서 소문이 돌고 있는학교 7대 불가사의 '미사키 계단'에 휘말린 친구를 구하기 위해,하나코 군과 함께 '미사키 계단'에 잠입한다.인간이 아닌 괴이 소년과오컬트 소녀가 펼치는레트로X호러X러브코미디 제 2권!",일본 현지 시리즈 누계 발행부수 190만부 돌파!2020년 1월 일본 현지 애니메이션 방영작!
"슬램덩크 4 신장재편판,첫 시합 능남전2",이노우에 타케히코,0.0점, 1,만화,스포츠만화,,일본 누계 판매 부수 1억 2000만 부를 돌파한 베스트셀러90년대 레전드 농구 만화 《 슬램덩크 》가 돌아오다!90년대는 그야말로 ‘농구’의 시대였다. 당시의 중고등학생들은 유명한 NBA선수들만 뿐만 아니라 대학농구에서 활약하는 선수들의 이름을 외우고 다녔으며 거리에는 농구 드라마 ‘마지막 승부’의 주제곡이 흘러나왔다. 이렇게 한국뿐만 아니라 90년대에는 중국과 일본까지 동북아시아에는 농구의 인기가 치솟았다. 이 현상에 한 몫을 한 것이 바로 이노우에 타케히코의 《슬램덩크》라는 작품이다.,"‘슬램덩크’, 아직도 기억나는 그 이름 《슬램덩크》가 완결된지도 벌써 20년이 넘는 시간이 흘렀다. 하지만 우리는 지금도 ‘강백호’, ‘서태웅’, ‘정대만’ 등의 이름을 들으면 가슴이 두근거린다. 그 때를 떠올리기만 해도 가슴이 뛸 만큼 당시 《슬램덩크》의 인기는 대단했다. 만화작품인데도 불구하고 남녀노소 가리지 않고 ‘강백호’라는 이름을 모르는 사람이 없었다. 대학농구에서는 뛰어난 선수가 나타나면 00대학의 ‘정대만’, 00대학의 ‘서태웅’ 같은 별명이 붙었다. 작가 이노우에 타케히코가 작품 속에서 만들어낸 《슬램덩크》의 캐릭터들은 드라마틱한 설정을 갖고 있었다. 단순히 주인공인 ‘강백호’뿐만 아니라 ‘정대만’, ‘송태섭’, ‘채치수’ 등 다른 멤버들의 이름까지도 기억 속에 선명하다. 개성적이고 뚜렷한 인물의 성격뿐만 아니라 멤버 하나하나를 그려낸 세밀한 이야기가 《슬램덩크》를 더욱 매력적이게 한 요소일 것이다.20여년 만에 새롭게 돌아온 《슬램덩크 신장재편판》“녀석들이 보고 싶어 새로 그리고 있습니다.”이노우에 타케히코 작가의 SNS에 올라온 한 장의 그림은 《슬램덩크》팬들을 열광하게 했다. 주인공 ‘강백호’의 스케치 일러스트와 함께 손글씨로 쓰여진 그의 말이 있었기 때문이다. 곧 이어 《슬램덩크 신장재편판》의 소식이 들렸다. 올해 한국에서도 출간되는 《슬램덩크 신장재편판》의 표지는 모두 이노우에 타케히코가 새로 작업한 컬러 일러스트로 만들어졌다. 기존 오리지널판이 31권인데 비해 신장재편판은 20권으로 새롭게 구성되었다. 그리고 그 각각의 표지가 ‘강백호’, ‘서태웅’, ‘정대만’ 등 그리운 얼굴들이 이노우에 타케히코의 아름다운 일러스트로 장식되어있다. 단행본 각권마다의 소제목도 변경된다. ‘첫 시합 능남전’, ‘북산 문제아 집단’ 등 권마다 주제를 한 눈에 알아볼 수 있는 간결하면서도 정확한 제목들로 이루어졌다. 신장재편판 1권 [강백호]에서는 농구에 대해서는 하나도 모르던 북산고 문제아 ‘강백호’가 농구부에 입문하는 과정을 그려냈다. 2권 [풋내기 슛]은 농구부 입부 후 주인공 ‘강백호’가 지겨운 훈련 과정에도 불구하고 유도부의 입부 권유를 뿌리치는 등 팀에 적응해가는 과정을 엿볼 수 있다. 3권 [첫 시합 능남전 1]과 4권 [첫 시합 능남전 2]은 현 내 베스트4로 꼽히는 강호 능남고와 첫 대결을 그려내었다. 비록 연습시합에 불과하지만 ‘강백호’가 입부한 이후 처음으로 있는 경기이기에 북산고 팀으로서의 ‘강백호’의 첫 활약을 지켜볼 수 있다. 5권 [송태섭과 정대만]은 ‘강백호’와 ‘서태웅’ 외에 북산고 농구부의 또 하나의 앙숙인 ‘송태섭’과 ‘정대만’의 등장을 알린다. 부상당했던 ‘송태섭’이 팀에 복귀하면서 이야기는 시작된다. 6권 [북산 문제아 집단]에서는 북산고의 문제아로 전락했던 ‘정대만’이 과거를 버리고 농구부로 복귀하는 과정이 그려졌다. [슬램덩크 신장재편판]은 2018년 8월 중순 전 20권 중 1∼6권이 먼저 출간될 예정이다. 뒤를 이어 7∼10권(9월 출간 예정), 11∼14권, 15∼20권으로 총 네 번에 걸쳐 발행된다."
"슬램덩크 7 북산 vs. 상양,신장재편판",이노우에 다케히코,0.0점, 2,만화,스포츠만화,,일본 누계 판매 부수 1억 2000만 부를 돌파한 베스트셀러90년대 레전드 농구 만화 《 슬램덩크 》가 돌아오다!90년대는 그야말로 ‘농구’의 시대였다. 당시의 중고등학생들은 유명한 NBA선수들만 뿐만 아니라 대학농구에서 활약하는 선수들의 이름을 외우고 다녔으며 거리에는 농구 드라마 ‘마지막 승부’의 주제곡이 흘러나왔다. 이렇게 한국뿐만 아니라 90년대에는 중국과 일본까지 동북아시아에는 농구의 인기가 치솟았다. 이 현상에 한 몫을 한 것이 바로 이노우에 타케히코의 《슬램덩크》라는 작품이다.,
슬램덩크 9 북산 vs. 해남대 부속2,이노우에 다케히코,0.0점, 1,만화,스포츠만화,,일본 누계 판매 부수 1억 2000만 부를 돌파한 베스트셀러90년대 레전드 농구 만화 《 슬램덩크 》가 돌아오다!90년대는 그야말로 ‘농구’의 시대였다. 당시의 중고등학생들은 유명한 NBA선수들만 뿐만 아니라 대학농구에서 활약하는 선수들의 이름을 외우고 다녔으며 거리에는 농구 드라마 ‘마지막 승부’의 주제곡이 흘러나왔다. 이렇게 한국뿐만 아니라 90년대에는 중국과 일본까지 동북아시아에는 농구의 인기가 치솟았다. 이 현상에 한 몫을 한 것이 바로 이노우에 타케히코의 《슬램덩크》라는 작품이다.,
"슬램덩크 13 신장재편판,북산 vs. 능남3",이노우에 다케히코,0.0점, 0,만화,스포츠만화,,,
귀멸의 칼날 12,고토게 코요하루,0.0점, 0,만화,SF/판타지,,"113년 만에 상현 도깨비가 죽자 분개한 무잔은 나머지 상현 도깨비들에게 또 다른 명령을 내린다! 한편, 규타로와의 싸움 도중 칼날이 나간 탄지로에게 하가네즈카는 대 격노. 새로운 칼을 찾아 탄지로는 하가네즈카가 있는 도공(刀工) 마을을 찾아가는데…?!",
3월의 라이온 15,우미노 치카,10.0점, 2,만화,순정만화,,"CHIKA UMINO의 『3월의 라이온』 제15권. 히나타가 기다리는 코마하시 고교 문화제 현장으로 달려간 레이. 파이어 파티의 모닥불을 바라보며 두 사람 사이에 오가는 말은. 계절은 결실의 가을. 「천재」에게 이상하게 집착을 불태우는 「한때의 천재」기사, 중후한 기풍에 경험이라는 깊이를 더한 베테랑, 만만치 않은 상대들과의 대국을 통해 레이는 확실한 성장을 거두어 간다.",
열혈강호 80,전극진,0.0점, 4,만화,액션/무협만화,,사파 최고의 인물인 천마신군의 제자 한비광과 정파 최고의 기인인 검황의 손녀딸 담화린이 거친 무림을 배경으로 펼치는 무협만화. 주인공 한비광은 무모하리만큼 겁이 없고 낙천적인 인물이다. 우연한 인연으로 천마신군의 6번째 제자가 된 그는 뛰어난 경공술을 터득하고 있으며 한번 본 무술은 그대로 따라할 수 있는 무술의 천재이다. 뛰어난 미색을 갖춘 여주인공 담화린은 정파중의 으뜸인 검황의 손녀딸로 실종된 할아버지를 찾기 위해 남장으로 변장하고 강호를 누비다 한비광을 만나 사랑을 키워간다.,
하이큐!! 42 무엇,후루다테 하루이치,0.0점, 0,만화,스포츠만화,,"『괴변학파 요츠야 선배의 괴담』의 후루타테 하루이치 신작!이것이 바로 정통 스포츠 소년만화!!동료들과의 특별한 만남과 흘러내리는 소중한 땀,그리고 정상을 향한 목표!!모두가 기다려왔던 '점프'식 왕도 스포츠만화, 전격 발매!!",
그녀는 거짓말을 너무 사랑해 22,Kotomi Aoki,0.0점, 0,만화,순정만화,,"있잖아. 처음 만났을 무렵의 나는 내가 마치 음악이라는 황금알을 낳는 거위라도 된 기분이었어. 주위 사람 모두가 내가 만들어내는 음악만을 원하는 것 같아서, 정작 나 자신은 아무도 봐주지 않는 것 같아서 음악까지 싫어지려 하고 있었어. 그래서 그때 니트족이라고 거짓말한 나를, 아무것도 가진 게 없다고 거짓말한 나를 좋아한다고 말해준 게 얼마나 큰 위로였는지 네가 알까? 얼마나 나를 구원해줬는지 네가 알까? 아오키 코토미의 최고 걸작, 당당히 완결!!",
아마노 메구미는 빈틈투성이! 16,Nekoguchi,0.0점, 0,만화,학원만화,,"말라깽이 공부벌레 ♂x 오동통한 운동계 ♀凸凹 소꿉친구,재회 연발로거리가 가까워지다?!  오픈 캠퍼스에서 동경하던 소녀와 재회한 마나부─. 이 미래의 진로에 대해 새로운 방향을 시야에 담는 메구미─. 라디오 체조에 해변 휴게소 아르바이트, 동아리 활동에 도서관, 집에서 게임까지♪ 소꿉친구다운 지근거리의 여름방학을 찬찬히 지켜보시길♡",
1000년 여왕 하/완결,마츠모토 레이지,0.0점, 1,만화,SF/판타지,,"《은하철도999》 《우주해적 캡틴 하록》마츠모토 레이지가 그린 장대한 SF 서스펜스가	호화 양장판으로 다시 부활한다!!	《1000년 여왕》 상, 하권 동시 출간	 수수께끼의 대폭발로 부모님을 잃은	아마모리 하지메가 병실에서 눈을 떴을 때,	그곳에는 정체를 알 수 없는 미인의 모습이 있었다.	 며칠 후, 삼촌에게 맡겨진 하지메는	삼촌이 소장을 맡고 있는 천문대에서	조수로 일하는 여성, 유키노 야요이와 재회한다.	 한편, 지구에 수수께끼의 행성이 접근해	지구의 미래를 위협하는데…….	 암약하는 비밀결사 ‘1000년 도적’,	땅속에 펼쳐진 무인 대단지.	예측 불능의 궤도로 닥쳐오는 행성 ‘라 메탈’!	모든 수수께끼의 열쇠를 쥔 야요이의 정체는……?!",
,,,,,,,,
장난을 잘 치는 전 타카기 양 9,Soichiro YAMAMOTO,0.0점, 0,만화,명랑/코믹만화,,,
파이브 스타 스토리 15 아이큐 점프 코믹스,MAMORU NAGANO,0.0점, 1,만화,SF/판타지,,"〈파이브 스타 스토리〉 1~12권 개정판도 절찬 판매 중!권두+권말의 캐릭터 소개와,본문 속 컬러 일러스트 등 26P에 달하는 컬러페이지!!  신간 15권도 업그레이드된 고사양으로 대 변신!!    일본 누계 850만 부 돌파 (국내 누계 40만 부 이상) 연재 30년간 팬이 줄어들지 않은 만화계의 레전드급 작품. 벗어날 수 없는 필모어의 혈맥! 파티마의 의미를 묻는 GTM전(戰)!!아버지 쇼캄, 어머니 리리. 두 사람에게 물려받은 필모어 왕국 3대 왕가의 피.수수께끼의 소녀가 흘리는 눈물, 그리고 어머니의 분노에, 지크는 자신이 짊어진 숙명을 뼈저리게 깨닫는다…. 한편, 남부 전선에서는 에트라믈형 파티마를 탑재한 GTM 데모르가 출진!그 상대는 유조타와 오로라가 모는 GTM 호우자이로. 혼전이 펼쳐지는 전장에서 GTM전(戰)의 미래가?!",
스파이더 그웬 : 고스트 스파이더 SPIDER-GWEN: GHOST SPIDER,셰넌 맥과이어,0.0점, 1,,,,"“그웬 스테이시가 최고의 창작 팀을 만났다. 그들은 그웬이 가면을 썼을 때뿐만 아니라, 가면 속의 모습까지도 풀어 낼 수 있다.” AIPT!“창작 팀은 기록적으로 전력을 다해 순항 고도에 도달했다.” 코믹 워치“셰넌 맥과이어는 노련한 스토리텔링을 통해 그웬이 슈퍼히어로인 동시에 우리 같은 평범한 사람임을 알려 준다.” - 워드 오브 더 너드“산뜻하고 자신감에 찬 미야자와의 작화 스타일에 감탄하지 않기란 어렵다.” - 올코믹스파이더맨 피터 파커의 옛 연인으로 알려진 그웬 스테이시…지구-65의 그웬은 ‘고스트 스파이더’로 활약한다!지구-65의 스파이더우먼 그웬 스테이시의 환상적인 귀환을 알린 타이틀.  고향에 돌아온 그웬은 범죄와 싸우며 자신의 세상을 지키려 하지만, 사실 그 세상은 범차원적 재앙 때문에 벼랑 끝에 몰려 있었다! 스파이더겟돈이 세상을 뒤흔들어 전우들이 죽어 가는 사이, 평행 세계에 갇혀 버린 그웬은 과연 ‘삶과 운명의 거미줄’을 넘나드는 지독한 약탈 집단 인헤리터스를 막을 수 있을까? 차원을 오가는 혼돈 속에서, 그웬은 역대 최고로 치명적인 적, 그웬 고블린을 상대해야 한다! 모든 면에서 위기에 처한 그웬 스테이시의 인생. 지구-65에서는 또 어떤가? 청소년 슈퍼히어로의 인생이 언제 차분했던 적이 있던가? 밴드 리더 메리 제인의 완벽주의적 지향점은 그웬을 미치게 만들고, 아버지는 그웬이 학교로 돌아가길 바란다. 더불어 해리 오스본과의 첫 데이트! 밴드의 배틀! 스파이더맨 & 스파이더우먼의 팀업 작전까지! 우리가 그웬을 ‘고스트 스파이더’라 부르는 이유를 비로소 알 수 있는 지구-65 그웬 스테이시의 모든 것.셰넌 맥과이어, 로시 캄페, 타케시 미야자와, 이안 헤링이 참여한 〈스파이더 그웬: 고스트 스파이더〉 #1-10 수록.※〈스파이더겟돈〉 이벤트와 함께 감상했을 때 온전히 즐길 수 있습니다.",
"비스타즈 9 BEASTARS,노엔 코믹스",이타가키 파루,0.0점, 0,만화,SF/판타지,,"누군가에게 습격당한 후 패배한 레고시는 강해지기 위해 고힝 밑에서 매일 수행을 쌓는다.고기 좌선을 통해 육식 본능을 극복하고, 식육 중독자를 포획하는 과정에서 손발을 쓰는 전투 스타일을 확립한다.그러던 어느 날, 테무 식살범을 쫓던 레고시는 드디어 사건의 진상에 다가서는데….그날 테무를 먹은 거, 너지?테무 식살 사건의 범인이 밝혀지는 제9권!","예리하고 날카로운 신인 작가가 들려주는 차별과 사랑, 무력함, 희망…. 초식동물과 육식동물의 갈등, 진정으로 모두를 위한 길을 찾는 이야기.만화대상 2018 대상 수상! NETFLIX에서 애니메이션 시즌 1 절찬 서비스 중!"
